episode,step,value_estimate,optimum_action,reward,avg_waiting_time,total_stopped,co2_emissions,actual_action
1,10,0.11879295855760574,1,0.22,0.5,2,0,1
1,20,0.11805465072393417,1,-0.12,1.3333333333333333,4,0,1
1,30,0.11966980248689651,1,0.09,0.47368421052631576,2,0,1
1,40,0.11805465072393417,1,-0.13,1.2380952380952381,4,0,1
1,50,0.13387182354927063,1,0.18,0.0,0,0,0
1,60,0.130374476313591,1,0.08,0.05555555555555555,1,0,1
1,70,0.11849433183670044,1,0.04,0.14285714285714285,2,0,0
1,80,0.11609894037246704,1,0.44,0.08695652173913043,1,0,0
1,90,0.12479633092880249,1,0.02,0.21428571428571427,3,0,0
1,100,0.11918551474809647,1,0.28,0.5357142857142857,3,0,1
1,110,0.15667596459388733,1,0.13,0.18181818181818182,2,0,1
1,120,0.1515437513589859,1,-0.1,0.8421052631578947,2,0,1
1,130,0.1463620662689209,1,0.05,0.6190476190476191,2,0,0
1,140,0.1479821503162384,1,0.08,0.045454545454545456,5,0,0
1,150,0.11361110210418701,1,-0.1,0.45454545454545453,6,0,1
1,160,0.12695425748825073,1,-0.03,0.42105263157894735,2,0,0
1,170,0.13905224204063416,1,0.02,0.5625,2,0,1
1,180,0.15210065245628357,1,0.07,0.4375,1,0,0
1,190,0.17774060368537903,0,-0.19,2.0,4,0,1
1,200,0.18610194325447083,0,-0.19,1.8823529411764706,4,0,1
1,210,0.18855929374694824,0,-0.01,0.2777777777777778,2,0,1
1,220,0.21069830656051636,0,0.09,0.0,0,0,1
1,230,0.13973528146743774,1,-0.14,1.2222222222222223,4,0,0
1,240,0.15593913197517395,1,0.1,0.19047619047619047,2,0,0
1,250,0.16830527782440186,1,0.18,2.739130434782609,7,0,0
1,260,0.18341471254825592,1,0.05,0.3333333333333333,2,0,0
1,270,0.1800222396850586,1,-0.1,0.8571428571428571,3,0,0
1,280,0.204293891787529,0,0.01,0.05555555555555555,1,0,0
1,290,0.24613845348358154,0,0.13,0.15789473684210525,2,0,1
1,300,0.19061818718910217,1,-0.1,0.5454545454545454,2,0,0
1,310,0.22694772481918335,0,-0.1,0.5454545454545454,2,0,1
1,320,0.2441614270210266,0,0.11,0.0,4,0,1
1,330,0.20712494850158691,0,0.17,0.0,4,0,0
1,340,0.22567953169345856,0,-0.32,1.8636363636363635,7,0,0
1,350,0.22270864248275757,0,0.05,0.125,2,0,1
1,360,0.18016454577445984,1,0.64,0.47619047619047616,2,0,0
1,370,0.2071744203567505,0,-0.15,1.0526315789473684,3,0,1
1,380,0.20220547914505005,0,0.28,0.3157894736842105,2,0,0
1,390,0.23153044283390045,1,0.01,0.3157894736842105,2,0,0
1,400,0.25692886114120483,1,-0.01,0.3157894736842105,2,0,0
1,410,0.20080819725990295,1,-0.15,1.1666666666666667,4,0,0
1,420,0.17490197718143463,1,-0.06,0.47619047619047616,3,0,1
1,430,0.25599604845046997,0,0.04,0.10526315789473684,1,0,1
1,440,0.2754678726196289,0,0.03,0.0,0,0,0
1,450,0.2061084508895874,0,-0.24,2.1153846153846154,6,0,1
1,460,0.23351091146469116,0,0.06,0.0,0,0,0
1,470,0.22727563977241516,1,0.03,0.1,2,0,0
1,480,0.16521278023719788,1,0.2,0.0,0,0,0
1,490,0.16498421132564545,1,-0.01,0.5263157894736842,2,0,1
1,500,0.2101520448923111,1,0.03,0.047619047619047616,5,0,1
1,510,0.13870297372341156,1,0.03,0.47619047619047616,6,0,1
1,520,0.21612444519996643,1,0.09,0.0,0,0,1
1,530,0.33672642707824707,0,0.16,0.4444444444444444,2,0,0
1,540,0.18548782169818878,1,-0.08,0.4444444444444444,2,0,1
1,550,0.16457194089889526,0,0.3,0.4,2,0,0
1,560,0.1845136284828186,1,0.31,0.2,2,0,0
1,570,0.23275983333587646,0,0.08,0.0,0,0,0
1,580,0.19305819272994995,1,0.05,0.2222222222222222,1,0,1
1,590,0.1917792558670044,0,-0.03,0.1875,2,0,0
1,600,0.15647298097610474,1,0.11,0.1111111111111111,1,0,1
1,610,0.13633427023887634,1,0.06,0.0,0,0,1
1,620,0.2094070166349411,0,0.01,0.047619047619047616,1,0,0
1,630,0.29620131850242615,0,0.02,0.42857142857142855,3,0,0
1,640,0.14959535002708435,0,0.0,0.10526315789473684,1,0,1
1,650,0.21222080290317535,1,-0.1,0.6842105263157895,2,0,0
1,660,0.2591068148612976,1,-0.21,2.1904761904761907,5,0,0
1,670,0.18924376368522644,0,-0.03,0.631578947368421,2,0,0
1,680,0.1679663509130478,0,0.02,0.0,4,0,1
1,690,0.255849152803421,0,0.09,0.0,4,0,0
1,700,0.17608025670051575,1,0.03,0.0,0,0,1
1,710,0.18431313335895538,1,-0.1,0.7222222222222222,2,0,0
1,720,0.1847243756055832,0,0.0,0.25,2,0,0
2,730,0.23223641514778137,0,0.07,0.0,0,0,0
2,740,0.16370156407356262,1,-0.04,0.2222222222222222,2,0,0
2,750,0.16759517788887024,0,0.0,0.2222222222222222,2,0,1
2,760,0.25239747762680054,1,0.01,0.05,1,0,1
2,770,0.25976821780204773,1,0.12,0.0,0,0,1
2,780,0.1762697994709015,0,0.03,0.23529411764705882,2,0,1
2,790,0.14072777330875397,1,0.02,0.22727272727272727,3,0,1
2,800,0.18183019757270813,0,0.04,0.0,0,0,1
2,810,0.19251900911331177,1,0.01,0.1111111111111111,2,0,0
2,820,0.1881570965051651,1,0.03,0.05263157894736842,1,0,1
2,830,0.1882399022579193,1,0.04,0.0,0,0,0
2,840,0.23469561338424683,0,-0.13,1.0476190476190477,5,0,1
2,850,0.18104775249958038,0,0.03,0.0,0,0,0
2,860,0.219951331615448,0,-0.14,0.7391304347826086,7,0,0
2,870,0.11759740114212036,1,0.03,0.3157894736842105,5,0,0
2,880,0.1765729784965515,0,-0.09,0.6666666666666666,2,0,0
2,890,0.18459787964820862,0,0.02,0.0,0,0,0
2,900,0.19856113195419312,1,-0.13,1.1176470588235294,3,0,0
2,910,0.1617828756570816,0,-0.08,0.5,2,0,1
2,920,0.19119638204574585,0,0.1,0.0,0,0,0
2,930,0.17754119634628296,0,0.0,0.3888888888888889,2,0,1
2,940,0.17915719747543335,0,0.09,0.0,0,0,1
2,950,0.17273399233818054,0,0.03,0.1875,2,0,0
2,960,0.20480561256408691,0,-0.17,1.5,4,0,1
2,970,0.2054336965084076,0,-0.13,1.1,4,0,1
2,980,0.20232731103897095,0,-0.15,0.95,4,0,1
2,990,0.13497859239578247,0,0.06,0.0,0,0,0
2,1000,0.16879306733608246,1,0.01,0.0,0,0,0
2,1010,0.12452013045549393,0,0.01,0.05,1,0,1
2,1020,0.13387340307235718,0,0.02,0.0,0,0,0
2,1030,0.1732957810163498,1,-0.01,0.05,1,0,0
2,1040,0.12490948289632797,0,0.02,0.0,4,0,1
2,1050,0.10787167400121689,0,-0.02,0.09090909090909091,5,0,1
2,1060,0.18948772549629211,0,-0.2,2.0555555555555554,4,0,1
2,1070,0.18647056818008423,0,0.06,0.0,0,0,0
2,1080,0.12729096412658691,1,0.04,0.0,0,0,1
2,1090,0.28133073449134827,0,0.0,0.3333333333333333,2,0,0
2,1100,0.11242116242647171,1,0.02,0.1,1,0,1
2,1110,0.1662207543849945,0,-0.05,0.2777777777777778,2,0,1
2,1120,0.1628311425447464,1,0.0,0.23529411764705882,1,0,1
2,1130,0.12134476006031036,1,0.06,0.0,0,0,1
2,1140,0.1876448094844818,0,0.07,0.0,0,0,0
2,1150,0.18480250239372253,1,0.04,0.0,0,0,1
2,1160,0.16884982585906982,0,0.01,0.2222222222222222,2,0,1
2,1170,0.16072192788124084,0,0.02,0.1111111111111111,1,0,0
2,1180,0.15094980597496033,1,0.02,0.10526315789473684,1,0,0
2,1190,0.09862939268350601,1,0.01,0.05263157894736842,1,0,1
2,1200,0.18897971510887146,0,-0.1,0.7,2,0,1
2,1210,0.17150098085403442,1,0.07,0.047619047619047616,1,0,0
2,1220,0.10552044957876205,1,0.02,0.0,4,0,1
2,1230,0.20901541411876678,0,-0.07,0.3333333333333333,6,0,1
2,1240,0.1686486005783081,0,-0.1,0.625,2,0,1
2,1250,0.10511632263660431,1,0.01,0.0,0,0,0
2,1260,0.2301357090473175,0,0.14,0.0,0,0,0
2,1270,0.15933477878570557,0,0.0,0.5,2,0,1
2,1280,0.18332341313362122,1,-0.07,0.4375,2,0,1
2,1290,0.160678893327713,1,-0.08,0.4444444444444444,2,0,1
2,1300,0.1682630479335785,0,-0.08,0.5,2,0,1
2,1310,0.1568237841129303,1,-0.04,0.25,2,0,0
2,1320,0.15391269326210022,0,0.0,0.16666666666666666,2,0,1
2,1330,0.08709655702114105,1,0.03,0.1,1,0,0
2,1340,0.19066059589385986,1,-0.03,0.23529411764705882,2,0,0
2,1350,0.17879247665405273,0,-0.03,0.2222222222222222,2,0,1
2,1360,0.16849285364151,1,0.0,0.05555555555555555,1,0,0
2,1370,0.13395364582538605,0,0.05,0.0,0,0,1
2,1380,0.19672761857509613,0,-0.03,0.3157894736842105,1,0,0
2,1390,0.25953853130340576,1,-0.26,3.3157894736842106,6,0,0
2,1400,0.12627553939819336,0,0.0,0.0,4,0,1
2,1410,0.19315318763256073,0,0.04,0.55,6,0,0
2,1420,0.18843553960323334,1,-0.09,0.625,2,0,1
2,1430,0.1330948919057846,1,0.08,0.0,0,0,1
2,1440,0.0681973397731781,1,0.03,0.0,0,0,0
3,1450,0.16623248159885406,1,-0.05,0.3125,2,0,1
3,1460,0.21240651607513428,0,0.01,0.3333333333333333,2,0,0
3,1470,0.1524076759815216,1,-0.01,0.2222222222222222,2,0,0
3,1480,0.16093876957893372,1,0.06,0.0,0,0,1
3,1490,0.1017732322216034,1,0.04,0.0,0,0,0
3,1500,0.11129146069288254,0,0.03,0.10526315789473684,1,0,1
3,1510,0.09808972477912903,1,0.08,0.1111111111111111,2,0,0
3,1520,0.10122881084680557,0,0.02,0.05263157894736842,1,0,1
3,1530,0.10862410068511963,1,0.05,0.05263157894736842,1,0,0
3,1540,0.08385010808706284,0,0.03,0.05263157894736842,1,0,1
3,1550,0.06764405965805054,1,0.02,0.05263157894736842,1,0,0
3,1560,0.0841035544872284,0,0.02,0.0,0,0,1
3,1570,0.23121491074562073,0,-0.16,1.1904761904761905,4,0,1
3,1580,0.1563786268234253,0,0.04,0.0,4,0,0
3,1590,0.1065387949347496,0,0.0,0.0,4,0,1
3,1600,0.16539323329925537,0,0.06,0.375,1,0,0
3,1610,0.17346197366714478,1,-0.09,0.5294117647058824,2,0,0
3,1620,0.16543537378311157,0,-0.04,0.47058823529411764,2,0,0
3,1630,0.18169215321540833,1,-0.1,0.625,2,0,1
3,1640,0.16856688261032104,0,-0.06,0.375,2,0,0
3,1650,0.17064854502677917,1,-0.02,0.3333333333333333,2,0,1
3,1660,0.19615957140922546,1,-0.17,1.3888888888888888,4,0,0
3,1670,0.1786816120147705,0,0.0,0.1111111111111111,2,0,1
3,1680,0.16082651913166046,1,0.0,0.11764705882352941,2,0,1
3,1690,0.1764378845691681,0,0.02,0.1111111111111111,2,0,1
3,1700,0.17058208584785461,1,0.0,0.1111111111111111,2,0,0
3,1710,0.17453688383102417,0,0.01,0.1,2,0,1
3,1720,0.1593642234802246,0,0.1,0.1111111111111111,1,0,0
3,1730,0.022083356976509094,0,0.01,0.1,2,0,1
3,1740,0.06895413994789124,1,0.04,0.0,0,0,0
3,1750,0.09145145118236542,1,0.03,0.0,0,0,1
3,1760,0.11447060108184814,1,0.04,0.05,5,0,0
3,1770,0.0895310491323471,0,0.02,0.0,4,0,1
3,1780,0.04885292053222656,1,0.01,0.0,0,0,0
3,1790,0.1655205488204956,1,-0.1,0.5882352941176471,2,0,1
3,1800,0.1605920046567917,0,-0.08,0.47058823529411764,2,0,1
3,1810,0.1703367531299591,1,-0.05,0.4444444444444444,2,0,0
3,1820,0.17525798082351685,0,-0.07,0.3888888888888889,2,0,0
3,1830,0.16786658763885498,1,-0.05,0.3125,2,0,1
3,1840,0.17121407389640808,0,-0.07,0.4375,2,0,0
3,1850,0.1755790263414383,1,-0.03,0.17647058823529413,1,0,1
3,1860,0.15117985010147095,0,0.0,0.2777777777777778,2,0,1
3,1870,0.177009716629982,1,0.04,0.15789473684210525,1,0,0
3,1880,0.17492853105068207,1,0.12,0.0,0,0,1
3,1890,0.2146352231502533,0,-0.12,0.9473684210526315,4,0,1
3,1900,0.1823657900094986,1,-0.06,0.3888888888888889,3,0,0
3,1910,0.16803336143493652,0,-0.05,0.38095238095238093,2,0,0
3,1920,0.18879689276218414,1,-0.08,0.45454545454545453,3,0,1
3,1930,0.20171880722045898,0,-0.1,0.7,2,0,0
3,1940,0.21642915904521942,1,-0.1,0.6842105263157895,6,0,1
3,1950,0.1972678303718567,0,-0.1,0.5555555555555556,6,0,0
3,1960,0.17628133296966553,1,-0.09,0.6,2,0,0
3,1970,0.12225104868412018,0,0.04,0.0,0,0,1
3,1980,0.13635754585266113,0,0.06,0.0,0,0,0
3,1990,0.14322876930236816,1,0.05,0.0,0,0,1
3,2000,0.07586713880300522,1,0.05,0.0,0,0,0
3,2010,0.1567693054676056,1,-0.06,0.5294117647058824,2,0,1
3,2020,0.16297797858715057,0,-0.09,0.5625,2,0,0
3,2030,0.1975005865097046,1,-0.08,0.5882352941176471,3,0,0
3,2040,0.1737949252128601,0,-0.02,0.2222222222222222,2,0,1
3,2050,0.16285131871700287,1,0.0,0.25,2,0,1
3,2060,0.19642101228237152,0,0.02,0.15789473684210525,2,0,0
3,2070,0.17586444318294525,1,-0.02,0.4444444444444444,2,0,1
3,2080,0.2004542350769043,0,-0.1,0.7777777777777778,4,0,0
3,2090,0.17925763130187988,1,0.0,0.05555555555555555,1,0,1
3,2100,0.14803671836853027,0,0.02,0.0,0,0,1
3,2110,0.14973726868629456,1,0.0,0.0,0,0,0
3,2120,0.18509022891521454,0,-0.1,0.6666666666666666,6,0,0
3,2130,0.18824779987335205,1,-0.03,0.15,5,0,0
3,2140,0.051140978932380676,0,0.0,0.0,0,0,1
3,2150,0.06463976204395294,1,0.01,0.0,0,0,0
3,2160,0.026150710880756378,1,0.07,0.0,0,0,1
4,2170,0.16554945707321167,1,-0.05,0.29411764705882354,2,0,1
4,2180,0.09378603100776672,0,0.1,0.1111111111111111,1,0,1
4,2190,0.09195291250944138,1,0.01,0.16666666666666666,1,0,0
4,2200,0.1524907946586609,1,0.07,0.0,0,0,1
4,2210,0.13555502891540527,0,0.05,0.0,0,0,0
4,2220,0.05233854800462723,0,0.04,0.1111111111111111,1,0,1
4,2230,0.0811820775270462,1,0.03,0.16666666666666666,1,0,0
4,2240,0.1093805581331253,1,0.02,0.0,0,0,1
4,2250,0.09547841548919678,1,0.06,0.0,0,0,0
4,2260,0.0587901771068573,0,0.01,0.05555555555555555,1,0,1
4,2270,0.21825025975704193,0,-0.11,0.6842105263157895,4,0,1
4,2280,0.17324793338775635,1,-0.03,0.3333333333333333,1,0,1
4,2290,0.19369274377822876,0,-0.1,0.6666666666666666,3,0,0
4,2300,0.16676828265190125,1,0.0,0.0,4,0,0
4,2310,0.2083842158317566,0,-0.1,0.5,6,0,0
4,2320,0.1668674200773239,1,-0.09,0.6428571428571429,2,0,1
4,2330,0.13833166658878326,0,-0.08,0.5625,2,0,0
4,2340,0.15872547030448914,0,0.04,0.0,0,0,0
4,2350,0.10563211143016815,0,0.04,0.0,0,0,1
4,2360,0.08900230377912521,0,0.08,0.05555555555555555,1,0,0
4,2370,0.16467110812664032,0,0.06,0.0,0,0,1
4,2380,0.12130075693130493,0,0.03,0.0,0,0,0
4,2390,0.12798215448856354,0,0.07,0.0,0,0,1
4,2400,0.1274227797985077,0,0.08,0.0,0,0,0
4,2410,0.02510809153318405,0,0.05,0.05555555555555555,1,0,1
4,2420,0.1991838812828064,0,-0.02,0.15789473684210525,1,0,0
4,2430,0.15566465258598328,1,0.05,0.0,0,0,0
4,2440,0.17045757174491882,0,0.02,0.0,0,0,1
4,2450,0.15939214825630188,1,0.01,0.0,0,0,0
4,2460,0.18308129906654358,1,0.13,0.0,0,0,1
4,2470,0.13484379649162292,0,0.02,0.0,0,0,0
4,2480,0.1696484237909317,1,-0.05,0.3157894736842105,5,0,0
4,2490,0.20097967982292175,0,-0.07,0.3888888888888889,6,0,0
4,2500,0.16998505592346191,1,-0.1,0.8,2,0,0
4,2510,0.14633411169052124,0,-0.1,0.6875,2,0,0
4,2520,0.1700073629617691,1,-0.07,0.5,2,0,1
4,2530,0.14654436707496643,0,-0.06,0.375,2,0,0
4,2540,0.17056119441986084,1,-0.06,0.4,2,0,1
4,2550,0.18092314898967743,0,0.03,0.2222222222222222,2,0,1
4,2560,0.16377860307693481,1,-0.08,0.5,2,0,1
4,2570,0.16265830397605896,0,-0.06,0.375,2,0,0
4,2580,0.1549045741558075,1,0.02,0.1111111111111111,1,0,1
4,2590,0.0039049386978149414,0,0.05,0.1,2,0,1
4,2600,0.08362697064876556,1,0.05,0.1111111111111111,1,0,0
4,2610,0.08616307377815247,0,0.07,0.0,0,0,1
4,2620,0.057945676147937775,1,0.04,0.0,0,0,0
4,2630,0.04142196476459503,0,0.02,0.05263157894736842,1,0,1
4,2640,0.06239897012710571,1,0.01,0.0,0,0,0
4,2650,0.12125296890735626,0,0.03,0.0,0,0,1
4,2660,0.07722331583499908,1,0.03,0.0,4,0,0
4,2670,0.09160683304071426,0,0.0,0.0,4,0,1
4,2680,0.05652862787246704,1,0.01,0.0,0,0,0
4,2690,0.03680814802646637,0,0.01,0.0,0,0,1
4,2700,0.09741740673780441,0,0.03,0.0,0,0,0
4,2710,0.0645676702260971,1,0.05,0.0,0,0,1
4,2720,0.12906843423843384,0,0.1,0.0,0,0,0
4,2730,0.1517283320426941,1,0.06,0.0,0,0,1
4,2740,0.14074914157390594,0,0.04,0.0,0,0,0
4,2750,0.1634034514427185,1,0.06,0.0,0,0,1
4,2760,0.05192030966281891,1,0.05,0.1111111111111111,1,0,0
4,2770,0.09367792308330536,1,0.09,0.0,0,0,1
4,2780,0.05386433005332947,1,0.07,0.0,0,0,0
4,2790,0.09524418413639069,1,0.03,0.0,0,0,1
4,2800,0.039554666727781296,1,0.02,0.05263157894736842,1,0,0
4,2810,0.055726058781147,0,0.03,0.0,0,0,1
4,2820,0.056954462081193924,1,0.03,0.0,0,0,0
4,2830,0.04912256449460983,1,0.02,0.0,0,0,1
4,2840,0.07791388779878616,1,0.02,0.0,4,0,0
4,2850,0.09111640602350235,0,0.02,0.0,4,0,1
4,2860,0.03826691955327988,1,0.03,0.0,0,0,0
4,2870,0.05061502009630203,0,0.01,0.0,0,0,1
4,2880,0.023790590465068817,1,0.02,0.0,0,0,0
5,2890,0.17279312014579773,1,-0.07,0.3888888888888889,2,0,1
5,2900,0.17102861404418945,0,-0.07,0.4117647058823529,2,0,0
5,2910,0.16092190146446228,1,-0.04,0.5333333333333333,2,0,0
5,2920,0.14899012446403503,0,-0.05,0.29411764705882354,2,0,0
5,2930,0.17003408074378967,1,-0.01,0.17647058823529413,2,0,0
5,2940,0.11187843978404999,1,0.09,0.0,0,0,1
5,2950,0.08424979448318481,1,0.08,0.1111111111111111,1,0,0
5,2960,0.0032920539379119873,0,0.06,0.05555555555555555,1,0,1
5,2970,0.07890522480010986,1,0.05,0.0,0,0,0
5,2980,0.03791944682598114,0,0.04,0.0,0,0,1
5,2990,0.17712396383285522,0,-0.05,0.35,2,0,0
5,3000,0.1751829981803894,1,-0.05,0.3684210526315789,1,0,1
5,3010,0.189279705286026,0,-0.1,0.6111111111111112,3,0,0
5,3020,0.16576310992240906,1,0.01,0.047619047619047616,5,0,0
5,3030,0.23085346817970276,0,-0.08,0.42105263157894735,6,0,0
5,3040,0.16964411735534668,1,-0.09,0.625,2,0,1
5,3050,0.14540091156959534,0,-0.08,0.5294117647058824,2,0,0
5,3060,0.1720365583896637,1,-0.05,0.29411764705882354,2,0,1
5,3070,0.16037654876708984,0,-0.02,0.4117647058823529,2,0,0
5,3080,0.16274508833885193,1,-0.04,0.23529411764705882,1,0,1
5,3090,0.17614099383354187,0,-0.05,0.47058823529411764,2,0,0
5,3100,0.1772231161594391,1,-0.12,0.9333333333333333,3,0,1
5,3110,0.15947259962558746,0,0.0,0.16666666666666666,2,0,0
5,3120,0.1745588183403015,1,-0.08,0.6470588235294118,3,0,0
5,3130,0.18006497621536255,0,0.07,0.1111111111111111,2,0,1
5,3140,0.09092168509960175,1,0.04,0.05555555555555555,1,0,0
5,3150,0.1217685416340828,0,0.05,0.0,0,0,1
5,3160,0.044357433915138245,1,0.05,0.0,0,0,0
5,3170,0.05118780583143234,0,0.02,0.0,0,0,1
5,3180,0.06730275601148605,1,0.04,0.0,0,0,0
5,3190,0.06561871618032455,1,0.01,0.0,0,0,1
5,3200,0.20358261466026306,0,-0.1,0.6666666666666666,6,0,0
5,3210,0.14440999925136566,1,-0.05,0.3684210526315789,5,0,0
5,3220,0.1380559504032135,0,-0.05,0.3125,1,0,1
5,3230,0.1564735621213913,1,-0.08,0.5333333333333333,2,0,0
5,3240,0.1555456519126892,0,-0.1,0.6875,2,0,0
5,3250,0.2127062976360321,1,-0.1,0.6875,2,0,1
5,3260,0.16343864798545837,0,-0.06,0.3333333333333333,2,0,0
5,3270,0.14616137742996216,1,-0.05,0.42105263157894735,2,0,1
5,3280,0.16078825294971466,0,-0.07,0.4375,2,0,0
5,3290,0.17522990703582764,1,-0.03,0.1875,2,0,1
5,3300,0.19192199409008026,0,0.0,0.11764705882352941,2,0,0
5,3310,0.16252785921096802,1,0.05,0.1111111111111111,1,0,0
5,3320,0.1743565946817398,0,0.02,0.10526315789473684,2,0,0
5,3330,0.15309268236160278,1,0.01,0.1111111111111111,1,0,0
5,3340,0.17622029781341553,0,-0.05,0.45,2,0,0
5,3350,0.1932552009820938,1,0.01,0.1,2,0,0
5,3360,0.23435311019420624,0,-0.1,0.6666666666666666,3,0,0
5,3370,0.16650597751140594,1,-0.05,0.25,1,0,0
5,3380,0.18590280413627625,0,-0.1,0.7368421052631579,6,0,0
5,3390,0.20951172709465027,1,-0.1,0.6666666666666666,6,0,1
5,3400,0.15279357135295868,0,-0.09,0.6666666666666666,2,0,0
5,3410,0.16170720756053925,1,-0.1,0.7857142857142857,2,0,1
5,3420,0.175944983959198,0,-0.1,0.6470588235294118,2,0,0
5,3430,0.18899714946746826,1,-0.09,0.5882352941176471,2,0,1
5,3440,0.17863070964813232,0,-0.08,0.5,2,0,0
5,3450,0.16911247372627258,1,-0.05,0.3125,2,0,1
5,3460,0.16127362847328186,0,-0.05,0.3125,2,0,0
5,3470,0.13732990622520447,1,0.0,0.17647058823529413,1,0,1
5,3480,0.1662878394126892,0,-0.01,0.29411764705882354,2,0,0
5,3490,0.16857752203941345,1,0.02,0.1,1,0,1
5,3500,0.15987616777420044,0,0.03,0.1111111111111111,1,0,1
5,3510,0.1741468906402588,1,0.04,0.0,0,0,1
5,3520,0.150766521692276,0,0.03,0.0,0,0,1
5,3530,0.15146125853061676,1,-0.05,0.3333333333333333,2,0,0
5,3540,0.1821765899658203,0,-0.04,0.42105263157894735,1,0,0
5,3550,0.1713990569114685,1,-0.04,0.2631578947368421,1,0,0
5,3560,0.06675180047750473,0,0.03,0.0,4,0,1
5,3570,0.20725083351135254,0,-0.1,0.5789473684210527,6,0,0
5,3580,0.18328145146369934,1,-0.1,0.7333333333333333,2,0,1
5,3590,0.15697583556175232,0,-0.09,0.5625,2,0,0
5,3600,0.04213791340589523,1,-0.09,0.6,2,0,1
6,3610,0.15530619025230408,1,-0.05,0.5294117647058824,2,0,0
6,3620,0.1831672489643097,0,-0.08,0.5,2,0,0
6,3630,0.1687442660331726,1,-0.01,0.4117647058823529,2,0,0
6,3640,0.1621798276901245,0,-0.07,0.4117647058823529,2,0,0
6,3650,0.1755535900592804,1,-0.04,0.23529411764705882,2,0,1
6,3660,0.1860237419605255,0,-0.04,0.23529411764705882,2,0,0
6,3670,0.1679343581199646,1,-0.04,0.25,2,0,1
6,3680,0.168450266122818,0,0.01,0.1,1,0,0
6,3690,0.18123871088027954,1,-0.02,0.47368421052631576,2,0,1
6,3700,0.16426941752433777,0,-0.02,0.1111111111111111,2,0,1
6,3710,0.1476951539516449,1,0.02,0.0,0,0,1
6,3720,0.16733621060848236,0,0.01,0.0,0,0,1
6,3730,0.11048535257577896,0,0.06,0.0,0,0,0
6,3740,0.06845371425151825,0,0.03,0.0,4,0,1
6,3750,0.055953845381736755,1,0.02,0.0,4,0,0
6,3760,0.049052558839321136,0,0.01,0.0,0,0,1
6,3770,0.03131129592657089,1,0.01,0.0,0,0,0
6,3780,0.07666141539812088,0,0.04,0.0,0,0,1
6,3790,0.07272451370954514,0,0.02,0.0,0,0,0
6,3800,0.1383996456861496,1,0.07,0.0,0,0,1
6,3810,0.15844708681106567,0,0.08,0.0,0,0,0
6,3820,0.13409987092018127,1,0.06,0.0,0,0,1
6,3830,0.15764088928699493,0,0.0,0.15789473684210525,1,0,0
6,3840,0.16115671396255493,1,0.05,0.1111111111111111,2,0,0
6,3850,0.14031201601028442,0,0.04,0.0,0,0,1
6,3860,0.1662845015525818,1,0.0,0.1111111111111111,1,0,0
6,3870,0.16177645325660706,0,0.01,0.10526315789473684,2,0,0
6,3880,0.1373049020767212,1,0.04,0.0,0,0,0
6,3890,0.18089328706264496,0,-0.02,0.4,1,0,0
6,3900,0.17581987380981445,1,-0.02,0.3333333333333333,1,0,0
6,3910,0.19754913449287415,0,-0.06,0.3,2,0,0
6,3920,0.19978387653827667,1,-0.1,0.6842105263157895,6,0,1
6,3930,0.19232843816280365,0,-0.1,0.5789473684210527,6,0,0
6,3940,0.09503035247325897,1,0.03,0.0,0,0,0
6,3950,0.0432123988866806,0,0.01,0.0,0,0,1
6,3960,0.18270288407802582,0,0.02,0.4117647058823529,2,0,1
6,3970,0.18673181533813477,1,-0.09,0.5294117647058824,2,0,0
6,3980,0.16308747231960297,0,-0.08,0.5,2,0,0
6,3990,0.1974726915359497,1,-0.07,0.7647058823529411,3,0,1
6,4000,0.15982210636138916,0,-0.01,0.29411764705882354,2,0,1
6,4010,0.16697588562965393,1,-0.05,0.3125,2,0,0
6,4020,0.1830912083387375,0,0.0,0.1875,2,0,0
6,4030,0.1676328182220459,1,0.02,0.15789473684210525,2,0,0
6,4040,0.17643313109874725,0,-0.05,0.5,3,0,0
6,4050,0.1600816547870636,1,0.01,0.10526315789473684,1,0,0
6,4060,0.1482023298740387,0,0.0,0.0,0,0,0
6,4070,0.1736483871936798,1,-0.04,0.3,1,0,1
6,4080,0.16784368455410004,0,0.03,0.0,0,0,0
6,4090,0.15779772400856018,1,0.02,0.0,0,0,1
6,4100,0.1537281572818756,0,0.0,0.0,4,0,1
6,4110,0.19970354437828064,1,-0.09,0.45,6,0,1
6,4120,0.09012529999017715,0,0.05,0.0,0,0,1
6,4130,0.13756795227527618,0,0.06,0.0,0,0,0
6,4140,0.15243008732795715,1,0.06,0.0,0,0,1
6,4150,0.05541650950908661,1,0.0,0.0,0,0,0
6,4160,0.10194375365972519,0,0.03,0.0,0,0,1
6,4170,0.12665201723575592,0,0.06,0.0,0,0,0
6,4180,0.1346258819103241,1,0.06,0.0,0,0,1
6,4190,0.11201884597539902,1,0.08,0.0,0,0,0
6,4200,0.15557074546813965,1,0.08,0.0,0,0,1
6,4210,0.16834665834903717,0,-0.03,0.1875,2,0,0
6,4220,0.005181849002838135,1,0.0,0.2,2,0,0
6,4230,0.08675195276737213,0,0.02,0.1111111111111111,1,0,1
6,4240,0.06095057725906372,1,0.03,0.0,0,0,0
6,4250,0.04771585017442703,0,0.04,0.05,1,0,1
6,4260,0.20017102360725403,0,-0.1,0.7222222222222222,2,0,1
6,4270,0.19563716650009155,1,-0.09,0.5555555555555556,2,0,1
6,4280,0.21265959739685059,0,-0.11,0.6190476190476191,7,0,0
6,4290,0.19056570529937744,1,-0.1,0.6666666666666666,6,0,0
6,4300,0.17564119398593903,0,-0.1,0.75,2,0,0
6,4310,0.1709982454776764,1,-0.09,0.625,2,0,0
6,4320,0.07242757827043533,1,-0.09,0.5625,2,0,0
7,4330,0.18992389738559723,1,-0.06,0.35294117647058826,2,0,1
7,4340,0.15399345755577087,0,-0.04,0.25,2,0,0
7,4350,0.17832842469215393,1,-0.01,0.35294117647058826,2,0,1
7,4360,0.1805451661348343,0,-0.02,0.29411764705882354,2,0,0
7,4370,0.1538948118686676,1,-0.02,0.2631578947368421,2,0,0
7,4380,0.1692923605442047,0,0.03,0.058823529411764705,1,0,0
7,4390,0.17708954215049744,0,0.11,0.05263157894736842,1,0,0
7,4400,0.1906878650188446,1,0.0,0.11764705882352941,2,0,1
7,4410,0.18019059300422668,0,-0.02,0.2631578947368421,2,0,1
7,4420,0.16578152775764465,1,0.01,0.11764705882352941,1,0,1
7,4430,0.2124037742614746,0,-0.12,0.8333333333333334,3,0,0
7,4440,0.17181003093719482,1,-0.02,0.2777777777777778,1,0,1
7,4450,0.20053870975971222,0,-0.06,0.3333333333333333,2,0,0
7,4460,0.21243916451931,1,-0.08,0.47368421052631576,7,0,1
7,4470,0.1937146633863449,0,-0.08,0.4,6,0,1
7,4480,0.05854571610689163,1,0.02,0.0,0,0,0
7,4490,0.09504720568656921,1,0.04,0.0,0,0,1
7,4500,0.13717107474803925,1,0.06,0.0,0,0,0
7,4510,0.09358569979667664,0,0.06,0.0,0,0,1
7,4520,0.12878523766994476,1,0.06,0.0,0,0,0
7,4530,0.06819481402635574,1,0.08,0.1111111111111111,1,0,1
7,4540,0.07142558693885803,1,0.07,0.05555555555555555,1,0,0
7,4550,0.05377339571714401,1,0.04,0.05555555555555555,1,0,1
7,4560,0.012814603745937347,1,0.07,0.1111111111111111,2,0,0
7,4570,0.14961138367652893,1,0.07,0.0,0,0,1
7,4580,0.07305946946144104,0,0.02,0.1111111111111111,1,0,0
7,4590,0.021616019308567047,0,0.06,0.05555555555555555,1,0,1
7,4600,0.006153635680675507,0,0.02,0.10526315789473684,2,0,0
7,4610,0.05720628798007965,0,0.05,0.0,0,0,1
7,4620,0.053015388548374176,1,0.03,0.0,0,0,0
7,4630,0.05430648475885391,0,0.03,0.0,0,0,1
7,4640,0.046606630086898804,1,0.0,0.0,4,0,0
7,4650,0.060991063714027405,0,0.01,0.0,4,0,1
7,4660,0.06499116867780685,1,0.0,0.0,0,0,0
7,4670,0.06198709458112717,0,0.0,0.0,0,0,1
7,4680,0.14408443868160248,1,0.05,0.0,0,0,0
7,4690,0.08089306950569153,0,0.04,0.0,0,0,1
7,4700,0.15568210184574127,1,0.11,0.0,0,0,0
7,4710,0.1535242795944214,0,0.09,0.0,0,0,1
7,4720,0.1460803598165512,1,0.1,0.0,0,0,0
7,4730,0.0733223408460617,0,0.05,0.05555555555555555,1,0,1
7,4740,0.1661740243434906,0,-0.02,0.2222222222222222,2,0,1
7,4750,0.15215645730495453,1,0.05,0.0,0,0,1
7,4760,0.182789146900177,0,0.02,0.1,1,0,0
7,4770,0.15554404258728027,1,0.02,0.1111111111111111,1,0,0
7,4780,0.19413766264915466,0,-0.05,0.4444444444444444,2,0,0
7,4790,0.16848906874656677,1,0.01,0.05555555555555555,1,0,1
7,4800,0.1870986372232437,1,0.27,0.6190476190476191,2,0,0
7,4810,0.2010001540184021,0,-0.1,0.47619047619047616,3,0,0
7,4820,0.18689754605293274,1,-0.1,0.631578947368421,6,0,1
7,4830,0.20567402243614197,0,-0.09,0.5,6,0,0
7,4840,0.19036409258842468,1,-0.08,0.5333333333333333,2,0,1
7,4850,0.17688702046871185,0,-0.09,0.625,2,0,0
7,4860,0.16350649297237396,1,-0.08,0.5,2,0,0
7,4870,0.18039560317993164,0,-0.1,0.7333333333333333,2,0,0
7,4880,0.17144393920898438,1,-0.08,0.5,2,0,0
7,4890,0.16712833940982819,0,0.0,0.3333333333333333,2,0,1
7,4900,0.16567017138004303,1,-0.04,0.5,2,0,0
7,4910,0.16194087266921997,0,-0.05,0.3333333333333333,2,0,0
7,4920,0.17066216468811035,1,0.01,0.16666666666666666,2,0,0
7,4930,0.17515704035758972,0,0.02,0.05263157894736842,1,0,1
7,4940,0.17281855642795563,1,-0.05,0.3333333333333333,2,0,0
7,4950,0.1703455150127411,0,0.0,0.1111111111111111,2,0,1
7,4960,0.183772012591362,1,-0.05,0.4117647058823529,1,0,1
7,4970,0.18093523383140564,0,-0.06,0.5,2,0,1
7,4980,0.13892123103141785,1,0.01,0.0,0,0,1
7,4990,0.05937029421329498,0,0.04,0.0,0,0,1
7,5000,0.21639862656593323,0,-0.1,0.5238095238095238,6,0,0
7,5010,0.20458745956420898,1,-0.06,0.3157894736842105,6,0,0
7,5020,0.16912582516670227,0,-0.1,0.8666666666666667,2,0,0
7,5030,0.16556183993816376,1,-0.1,0.7333333333333333,2,0,0
7,5040,0.06874428689479828,1,-0.06,0.375,2,0,0
8,5050,0.18923644721508026,1,-0.06,0.375,2,0,0
8,5060,0.18296396732330322,0,-0.05,0.29411764705882354,2,0,0
8,5070,0.13577485084533691,1,0.06,0.0,0,0,0
8,5080,0.1186799556016922,1,0.07,0.0,0,0,1
8,5090,0.06127361208200455,1,0.04,0.1111111111111111,1,0,0
8,5100,0.08589654415845871,0,0.06,0.0,0,0,1
8,5110,0.06570935249328613,1,0.07,0.05555555555555555,1,0,0
8,5120,0.05634433031082153,1,0.02,0.1111111111111111,1,0,1
8,5130,0.15376335382461548,0,0.02,0.1,2,0,1
8,5140,0.16988340020179749,1,-0.02,0.10526315789473684,2,0,1
8,5150,0.16436564922332764,0,0.01,0.11764705882352941,2,0,1
8,5160,0.142534077167511,1,0.02,0.0,0,0,1
8,5170,0.18083533644676208,0,-0.05,0.3684210526315789,1,0,0
8,5180,0.22410687804222107,1,-0.11,0.5714285714285714,7,0,1
8,5190,0.2000168114900589,0,-0.08,0.4,6,0,0
8,5200,0.1720530390739441,1,-0.09,0.625,2,0,0
8,5210,0.15535038709640503,0,-0.09,0.6,2,0,0
8,5220,0.18124675750732422,1,-0.07,0.4375,2,0,0
8,5230,0.18111668527126312,0,-0.08,0.6,2,0,0
8,5240,0.1271367073059082,0,0.13,0.0,0,0,0
8,5250,0.14847372472286224,1,0.05,0.0,0,0,1
8,5260,0.12811627984046936,1,0.05,0.0,0,0,0
8,5270,0.17347031831741333,1,0.01,0.1875,2,0,1
8,5280,0.15631908178329468,0,0.05,0.05555555555555555,1,0,1
8,5290,0.15827682614326477,1,-0.01,0.23529411764705882,2,0,1
8,5300,0.18043440580368042,0,0.02,0.17647058823529413,2,0,1
8,5310,0.02698557823896408,1,0.04,0.1111111111111111,1,0,0
8,5320,0.025546565651893616,0,0.02,0.1111111111111111,1,0,1
8,5330,0.006780557334423065,1,0.02,0.15,2,0,0
8,5340,0.007105596363544464,0,0.04,0.10526315789473684,2,0,1
8,5350,0.045923762023448944,0,0.02,0.0,0,0,0
8,5360,0.0859968513250351,1,0.07,0.0,4,0,1
8,5370,0.0602707713842392,0,0.02,0.0,4,0,0
8,5380,0.04311519116163254,0,0.01,0.0,0,0,1
8,5390,0.039071835577487946,0,0.0,0.0,0,0,0
8,5400,0.10245808959007263,0,0.04,0.0,0,0,1
8,5410,0.146551251411438,0,0.09,0.0,0,0,0
8,5420,0.2103504240512848,1,-0.1,0.9411764705882353,3,0,0
8,5430,0.1656351089477539,0,-0.03,0.3333333333333333,2,0,0
8,5440,0.16793422400951385,1,-0.05,0.3125,2,0,1
8,5450,0.17060813307762146,0,0.0,0.35,2,0,1
8,5460,0.17592835426330566,1,0.02,0.1111111111111111,2,0,1
8,5470,0.17240428924560547,0,0.04,0.1111111111111111,2,0,0
8,5480,0.13480235636234283,1,-0.01,0.11764705882352941,1,0,1
8,5490,0.17775961756706238,0,0.01,0.10526315789473684,2,0,0
8,5500,0.1476294845342636,1,0.0,0.05555555555555555,1,0,1
8,5510,0.14528608322143555,0,0.02,0.0,0,0,0
8,5520,0.15106399357318878,1,-0.01,0.05,1,0,0
8,5530,0.18013259768486023,0,-0.05,0.3684210526315789,1,0,0
8,5540,0.22812727093696594,1,-0.09,0.5263157894736842,7,0,1
8,5550,0.05889951437711716,0,0.02,0.0,4,0,1
8,5560,0.09134608507156372,0,0.03,0.0,0,0,0
8,5570,0.06519048660993576,0,0.0,0.0,0,0,1
8,5580,0.1732465624809265,1,0.04,0.0,0,0,0
8,5590,0.13023647665977478,1,0.06,0.0,0,0,1
8,5600,0.15554216504096985,1,0.04,0.0,0,0,0
8,5610,0.14897197484970093,0,0.05,0.0,0,0,1
8,5620,0.13892939686775208,1,0.09,0.0,0,0,0
8,5630,0.006394095718860626,0,0.02,0.2222222222222222,2,0,1
8,5640,0.08860670030117035,0,0.06,0.0,0,0,0
8,5650,0.05976448953151703,0,0.08,0.0,0,0,1
8,5660,0.15892505645751953,0,0.06,0.0,0,0,0
8,5670,0.03244319558143616,0,0.04,0.1111111111111111,1,0,1
8,5680,0.01640467345714569,0,0.02,0.05555555555555555,1,0,0
8,5690,0.08920913189649582,1,0.06,0.0,0,0,1
8,5700,0.04381550848484039,0,0.06,0.0,0,0,0
8,5710,0.05183209478855133,0,0.01,0.0,0,0,1
8,5720,0.05385129153728485,0,0.03,0.0,4,0,0
8,5730,0.17657199501991272,1,-0.09,0.5,6,0,1
8,5740,0.17951041460037231,0,-0.09,0.5625,2,0,0
8,5750,0.18873479962348938,1,-0.1,0.625,2,0,1
8,5760,0.09383073449134827,1,-0.1,0.6666666666666666,2,0,0
9,5770,0.16910558938980103,1,-0.1,0.7058823529411765,2,0,1
9,5780,0.16969868540763855,0,-0.01,0.375,2,0,0
9,5790,0.16890159249305725,1,-0.02,0.4117647058823529,2,0,1
9,5800,0.1626870334148407,0,-0.04,0.35294117647058826,2,0,0
9,5810,0.17925767600536346,1,0.01,0.16666666666666666,2,0,1
9,5820,0.16869348287582397,0,0.02,0.2777777777777778,2,0,0
9,5830,0.15804144740104675,1,-0.01,0.16666666666666666,2,0,1
9,5840,0.17661035060882568,0,0.0,0.15789473684210525,2,0,0
9,5850,0.2126941680908203,1,-0.09,0.5882352941176471,3,0,1
9,5860,0.15022647380828857,0,0.02,0.0,0,0,0
9,5870,0.13553643226623535,1,0.01,0.0,0,0,1
9,5880,0.13516435027122498,0,0.03,0.0,0,0,0
9,5890,0.21468320488929749,1,-0.08,0.4444444444444444,2,0,1
9,5900,0.17874088883399963,0,-0.05,0.3157894736842105,5,0,0
9,5910,0.18811988830566406,1,-0.08,0.42105263157894735,6,0,1
9,5920,0.16886866092681885,0,-0.1,0.6666666666666666,2,0,1
9,5930,0.1604691445827484,1,-0.08,0.5,2,0,1
9,5940,0.16910654306411743,0,-0.05,0.29411764705882354,2,0,1
9,5950,0.18369810283184052,1,-0.06,0.35294117647058826,2,0,1
9,5960,0.16979843378067017,0,-0.03,0.1875,1,0,0
9,5970,0.15861329436302185,1,-0.07,0.4375,2,0,0
9,5980,0.15240547060966492,0,-0.03,0.17647058823529413,2,0,0
9,5990,0.1915351301431656,1,-0.06,0.375,2,0,1
9,6000,0.2089875340461731,0,-0.08,0.7647058823529411,3,0,0
9,6010,0.14671410620212555,1,0.02,0.058823529411764705,1,0,1
9,6020,0.16161981225013733,0,0.04,0.05555555555555555,1,0,0
9,6030,0.17077547311782837,1,0.03,0.05263157894736842,1,0,1
9,6040,0.2112315148115158,0,-0.06,0.3888888888888889,3,0,0
9,6050,0.14416661858558655,1,-0.01,0.05263157894736842,1,0,1
9,6060,0.14227771759033203,0,-0.01,0.05263157894736842,1,0,1
9,6070,0.22294048964977264,1,-0.1,0.6111111111111112,4,0,0
9,6080,0.203820139169693,0,-0.05,0.2857142857142857,6,0,0
9,6090,0.18971675634384155,1,-0.1,0.6111111111111112,6,0,0
9,6100,0.1705659031867981,0,-0.1,0.7333333333333333,2,0,0
9,6110,0.17512282729148865,1,-0.1,0.8125,2,0,0
9,6120,0.16557273268699646,0,-0.06,0.375,2,0,0
9,6130,0.19632486999034882,1,-0.08,0.47058823529411764,2,0,0
9,6140,0.17153921723365784,0,-0.02,0.125,1,0,0
9,6150,0.1551457941532135,1,0.02,0.3157894736842105,2,0,0
9,6160,0.14897635579109192,0,-0.07,0.4117647058823529,2,0,0
9,6170,0.19771617650985718,1,-0.07,0.5,3,0,1
9,6180,0.18330809473991394,0,-0.04,0.4117647058823529,2,0,1
9,6190,0.16637711226940155,1,0.02,0.10526315789473684,2,0,1
9,6200,0.16568657755851746,0,0.0,0.21052631578947367,2,0,1
9,6210,0.15438243746757507,1,0.03,0.1111111111111111,1,0,0
9,6220,0.17789386212825775,0,0.0,0.16666666666666666,2,0,1
9,6230,0.17918187379837036,1,0.0,0.16666666666666666,2,0,0
9,6240,0.13862916827201843,0,0.02,0.0,0,0,1
9,6250,0.17946213483810425,1,-0.06,0.3157894736842105,2,0,0
9,6260,0.06554491072893143,0,0.03,0.0,4,0,1
9,6270,0.04787718877196312,1,0.0,0.0,4,0,0
9,6280,0.05412166565656662,0,0.01,0.0,0,0,1
9,6290,0.08752560615539551,1,0.04,0.0,0,0,0
9,6300,0.05392826348543167,0,0.0,0.0,0,0,1
9,6310,0.17712698876857758,0,-0.09,0.5625,2,0,0
9,6320,0.17725130915641785,1,-0.07,0.4375,2,0,0
9,6330,0.16593608260154724,0,-0.06,0.35294117647058826,2,0,0
9,6340,0.16885292530059814,1,-0.03,0.47058823529411764,2,0,0
9,6350,0.15554162859916687,0,-0.03,0.17647058823529413,1,0,0
9,6360,0.18051300942897797,1,0.01,0.17647058823529413,2,0,0
9,6370,0.17811618745326996,0,0.02,0.21052631578947367,2,0,1
9,6380,0.12532836198806763,1,0.02,0.0,0,0,1
9,6390,0.004125513136386871,0,0.03,0.1111111111111111,2,0,1
9,6400,0.048477351665496826,1,0.07,0.0,0,0,0
9,6410,0.055568940937519073,0,0.03,0.0,0,0,1
9,6420,0.05047813802957535,1,0.04,0.0,0,0,0
9,6430,0.04692455381155014,0,0.03,0.0,0,0,1
9,6440,0.05776875466108322,1,0.0,0.0,4,0,0
9,6450,0.10060334205627441,0,0.03,0.0,4,0,1
9,6460,0.06053987517952919,1,0.01,0.0,0,0,0
9,6470,0.08563347905874252,0,0.03,0.0,0,0,1
9,6480,0.09706475585699081,1,0.04,0.0,0,0,0
10,6490,0.10017450898885727,1,0.03,0.0,0,0,0
10,6500,0.13651999831199646,0,0.11,0.0,0,0,1
10,6510,0.1465265303850174,0,0.07,0.0,0,0,0
10,6520,0.068671315908432,0,0.0,0.16666666666666666,1,0,1
10,6530,0.1312042772769928,0,0.06,0.0,0,0,0
10,6540,0.06505009531974792,0,0.07,0.10526315789473684,1,0,1
10,6550,0.07653322070837021,0,0.05,0.1111111111111111,1,0,0
10,6560,0.16633430123329163,1,-0.02,0.42857142857142855,2,0,0
10,6570,0.19472482800483704,0,-0.07,0.5555555555555556,3,0,0
10,6580,0.13793960213661194,1,0.02,0.0,0,0,0
10,6590,0.13938510417938232,0,0.03,0.0,0,0,1
10,6600,0.1759711503982544,1,-0.01,0.05555555555555555,1,0,1
10,6610,0.09546249359846115,1,0.04,0.0,0,0,1
10,6620,0.2196490615606308,0,-0.11,0.75,7,0,0
10,6630,0.20658504962921143,1,-0.09,0.5,6,0,1
10,6640,0.14265140891075134,0,0.0,0.0,0,0,0
10,6650,0.18654578924179077,1,-0.09,0.5294117647058824,2,0,1
10,6660,0.18286800384521484,0,-0.07,0.5,2,0,0
10,6670,0.1689860075712204,1,-0.01,0.29411764705882354,1,0,0
10,6680,0.1698780357837677,0,-0.08,0.47058823529411764,2,0,0
10,6690,0.18126758933067322,1,-0.08,0.5,2,0,1
10,6700,0.16392576694488525,0,-0.07,0.3888888888888889,2,0,0
10,6710,0.14923442900180817,1,-0.02,0.125,1,0,1
10,6720,0.17135725915431976,0,0.01,0.11764705882352941,2,0,0
10,6730,0.17811033129692078,1,0.01,0.17647058823529413,2,0,1
10,6740,0.1726972460746765,0,0.0,0.2222222222222222,2,0,0
10,6750,0.14075744152069092,1,0.02,0.1111111111111111,1,0,1
10,6760,0.1739318072795868,0,-0.02,0.4444444444444444,2,0,0
10,6770,0.17013107240200043,1,-0.04,0.25,1,0,1
10,6780,0.2065003216266632,0,-0.04,0.3333333333333333,2,0,0
10,6790,0.15864014625549316,1,-0.04,0.2631578947368421,1,0,0
10,6800,0.1829226315021515,0,-0.1,0.5238095238095238,6,0,0
10,6810,0.04305044934153557,1,0.0,0.0,4,0,0
10,6820,0.05902592092752457,0,0.02,0.0,0,0,1
10,6830,0.0565786138176918,1,0.01,0.0,0,0,0
10,6840,0.12834012508392334,0,0.06,0.0,0,0,1
10,6850,-0.00342598557472229,0,0.0,0.10526315789473684,1,0,1
10,6860,0.15580984950065613,1,0.08,0.0,0,0,0
10,6870,0.14497169852256775,0,0.06,0.0,0,0,1
10,6880,0.18391361832618713,0,-0.06,0.35294117647058826,2,0,0
10,6890,0.1638157069683075,0,0.01,0.16666666666666666,2,0,0
10,6900,0.16680333018302917,1,-0.03,0.29411764705882354,2,0,1
10,6910,0.01742459088563919,0,0.04,0.10526315789473684,2,0,1
10,6920,0.03206220269203186,1,0.05,0.1111111111111111,1,0,0
10,6930,0.04203391075134277,0,0.02,0.05263157894736842,1,0,1
10,6940,0.04185456037521362,1,0.02,0.0,0,0,0
10,6950,0.03954852372407913,0,0.02,0.05,1,0,1
10,6960,0.03602864593267441,1,0.05,0.0,0,0,0
10,6970,0.04386546462774277,0,0.04,0.0,0,0,1
10,6980,0.04934629052877426,0,0.03,0.0,4,0,0
10,6990,0.19078394770622253,1,-0.09,0.47368421052631576,6,0,0
10,7000,0.20124481618404388,0,-0.1,0.75,2,0,0
10,7010,0.17170801758766174,1,-0.09,0.6,2,0,1
10,7020,0.1764082908630371,0,-0.08,0.5714285714285714,2,0,0
10,7030,0.1827124059200287,1,-0.08,0.5,2,0,1
10,7040,0.17424671351909637,0,-0.07,0.4117647058823529,2,0,0
10,7050,0.21739406883716583,1,0.07,0.0,0,0,0
10,7060,0.14758163690567017,0,0.06,0.0,0,0,1
10,7070,0.15693795680999756,0,0.09,0.0,0,0,0
10,7080,0.1331472396850586,0,0.06,0.0,0,0,1
10,7090,0.17312473058700562,0,0.03,0.1111111111111111,2,0,0
10,7100,0.07355956733226776,0,0.03,0.05263157894736842,1,0,0
10,7110,0.1461542248725891,1,0.05,0.0,0,0,1
10,7120,0.03189341723918915,0,0.05,0.05555555555555555,1,0,0
10,7130,0.04696216434240341,0,0.02,0.0,0,0,1
10,7140,0.13026940822601318,0,0.01,0.0,0,0,1
10,7150,0.1961452215909958,1,-0.1,0.5789473684210527,2,0,1
10,7160,0.15086081624031067,0,0.01,0.0,4,0,0
10,7170,0.19769996404647827,1,-0.08,0.42105263157894735,6,0,0
10,7180,0.16036468744277954,0,-0.05,0.42857142857142855,1,0,0
10,7190,0.1793210506439209,1,-0.1,0.625,2,0,0
10,7200,0.1012989953160286,1,0.08,0.0,0,0,1
11,7210,0.11160390824079514,1,0.02,0.0,0,0,0
11,7220,0.14271214604377747,0,0.08,0.0,0,0,1
11,7230,0.06713083386421204,1,0.07,0.1111111111111111,1,0,0
11,7240,0.09447719901800156,0,0.11,0.0,0,0,1
11,7250,0.14036351442337036,1,0.08,0.0,0,0,0
11,7260,0.08866281807422638,1,0.08,0.0,0,0,1
11,7270,0.0352676585316658,1,0.07,0.17647058823529413,2,0,1
11,7280,0.13595595955848694,0,0.04,0.0,0,0,0
11,7290,0.018711090087890625,0,0.03,0.15789473684210525,2,0,1
11,7300,0.05038656294345856,0,0.04,0.0,0,0,0
11,7310,0.08989275991916656,1,0.03,0.0,0,0,1
11,7320,0.039191871881484985,1,0.04,0.0,0,0,0
11,7330,0.18235284090042114,1,-0.1,0.7,2,0,0
11,7340,0.18685781955718994,0,-0.04,0.3157894736842105,5,0,0
11,7350,0.20380030572414398,1,-0.08,0.4444444444444444,6,0,0
11,7360,0.05281578749418259,0,0.01,0.0,0,0,1
11,7370,0.09616653621196747,1,0.06,0.0,0,0,0
11,7380,0.12521645426750183,0,0.06,0.0,0,0,1
11,7390,0.10438145697116852,1,0.03,0.0,0,0,0
11,7400,0.1538955569267273,1,0.1,0.0,0,0,1
11,7410,0.15136601030826569,0,0.01,0.29411764705882354,2,0,1
11,7420,0.16251561045646667,1,0.03,0.21052631578947367,2,0,1
11,7430,0.16963669657707214,0,0.0,0.17647058823529413,2,0,0
11,7440,0.18546153604984283,1,0.03,0.10526315789473684,2,0,1
11,7450,0.17373768985271454,0,0.05,0.05555555555555555,1,0,0
11,7460,0.16141512989997864,1,-0.01,0.2777777777777778,2,0,0
11,7470,0.16665323078632355,0,-0.03,0.16666666666666666,2,0,0
11,7480,0.14761553704738617,1,0.01,0.0,0,0,1
11,7490,0.1493409126996994,0,0.0,0.0,0,0,0
11,7500,0.15598444640636444,1,-0.04,0.3684210526315789,1,0,0
11,7510,0.21702608466148376,0,-0.11,0.7777777777777778,3,0,0
11,7520,0.17544838786125183,1,-0.05,0.25,5,0,0
11,7530,0.05705847591161728,0,0.01,0.0,4,0,1
11,7540,0.07474584132432938,1,0.02,0.0,0,0,0
11,7550,0.10291562229394913,0,0.02,0.0,0,0,1
11,7560,0.08364913612604141,0,0.05,0.0,0,0,0
11,7570,0.1384277641773224,1,0.08,0.0,0,0,1
11,7580,0.1408350169658661,1,0.09,0.0,0,0,0
11,7590,0.132216677069664,1,0.08,0.0,0,0,1
11,7600,0.12201585620641708,1,0.06,0.0,0,0,0
11,7610,0.13102054595947266,0,0.09,0.0,0,0,1
11,7620,0.07528946548700333,1,0.05,0.10526315789473684,1,0,0
11,7630,0.031763263046741486,0,0.06,0.05555555555555555,1,0,1
11,7640,0.017688512802124023,1,0.03,0.2222222222222222,2,0,0
11,7650,0.19516262412071228,1,-0.12,1.0,3,0,0
11,7660,0.20922555029392242,0,-0.11,0.8333333333333334,3,0,0
11,7670,0.16438496112823486,1,-0.01,0.1111111111111111,1,0,1
11,7680,0.15687504410743713,0,0.01,0.05555555555555555,1,0,1
11,7690,0.19021141529083252,1,-0.1,0.5789473684210527,2,0,1
11,7700,0.1564512699842453,0,0.01,0.0,4,0,0
11,7710,0.19262588024139404,1,-0.1,0.5,6,0,1
11,7720,0.1736658215522766,0,-0.1,0.8571428571428571,2,0,1
11,7730,0.18877796828746796,1,-0.09,0.5294117647058824,2,0,1
11,7740,0.16722096502780914,0,-0.1,0.6666666666666666,2,0,0
11,7750,0.15549691021442413,1,-0.1,0.7058823529411765,2,0,0
11,7760,0.18525317311286926,0,-0.03,0.3888888888888889,2,0,0
11,7770,0.17892740666866302,1,0.0,0.23529411764705882,2,0,1
11,7780,0.15721014142036438,0,-0.07,0.4375,2,0,0
11,7790,0.18139132857322693,1,-0.03,0.1875,2,0,1
11,7800,0.0983351394534111,1,0.05,0.0,0,0,1
11,7810,0.2253979742527008,0,-0.13,1.2222222222222223,4,0,1
11,7820,0.16762204468250275,1,-0.04,0.2631578947368421,2,0,0
11,7830,0.135500967502594,0,0.03,0.0,0,0,0
11,7840,0.17613250017166138,1,-0.02,0.2631578947368421,1,0,0
11,7850,0.046465158462524414,0,0.07,0.0,0,0,1
11,7860,0.04407511651515961,0,0.05,0.0,0,0,0
11,7870,0.09648066014051437,0,0.03,0.0,0,0,1
11,7880,0.04911956936120987,1,0.01,0.0,4,0,0
11,7890,0.061994053423404694,0,0.0,0.0,4,0,1
11,7900,0.06468930095434189,1,0.01,0.0,0,0,0
11,7910,0.1347448229789734,0,0.06,0.0,0,0,1
11,7920,0.11074718087911606,1,0.07,0.0,0,0,0
12,7930,0.17776578664779663,1,-0.08,0.47058823529411764,2,0,1
12,7940,0.1790362298488617,0,-0.07,0.4375,2,0,1
12,7950,0.17275848984718323,1,-0.03,0.1875,2,0,1
12,7960,0.16934727132320404,0,-0.03,0.35294117647058826,2,0,1
12,7970,0.16227397322654724,1,-0.02,0.3125,2,0,0
12,7980,0.1966608762741089,0,-0.03,0.23529411764705882,2,0,0
12,7990,0.18205225467681885,1,0.01,0.16666666666666666,2,0,1
12,8000,0.13370193541049957,0,0.0,0.05263157894736842,1,0,1
12,8010,0.19611266255378723,1,-0.05,0.6111111111111112,3,0,1
12,8020,0.1976335346698761,0,-0.06,0.3684210526315789,2,0,0
12,8030,0.15446175634860992,1,0.01,0.05555555555555555,1,0,0
12,8040,0.16973911225795746,0,-0.01,0.2222222222222222,1,0,0
12,8050,0.1558060348033905,1,-0.05,0.2631578947368421,1,0,1
12,8060,0.05162816494703293,0,0.03,0.0,4,0,1
12,8070,0.05757170915603638,0,0.02,0.0,4,0,0
12,8080,0.07545438408851624,0,0.0,0.0,0,0,1
12,8090,0.05474446341395378,1,0.01,0.0,0,0,0
12,8100,0.05106542259454727,0,0.01,0.0,0,0,1
12,8110,0.10129615664482117,1,0.03,0.0,0,0,0
12,8120,0.21176932752132416,1,-0.13,1.0588235294117647,3,0,0
12,8130,0.18185266852378845,0,-0.07,0.4117647058823529,2,0,1
12,8140,0.1566660851240158,1,-0.06,0.375,2,0,1
12,8150,0.1599988043308258,0,-0.02,0.125,1,0,0
12,8160,0.18967357277870178,1,0.05,0.1111111111111111,2,0,1
12,8170,0.14953291416168213,0,0.01,0.05555555555555555,1,0,1
12,8180,0.167630136013031,1,0.01,0.16666666666666666,2,0,1
12,8190,0.21761050820350647,1,0.13,0.0,0,0,1
12,8200,0.04020978510379791,0,0.06,0.0,0,0,0
12,8210,0.03893738240003586,0,0.04,0.05,1,0,1
12,8220,0.04844684526324272,1,0.03,0.0,0,0,0
12,8230,0.1097283810377121,1,0.11,0.0,0,0,1
12,8240,0.19232165813446045,0,-0.1,0.5263157894736842,6,0,0
12,8250,0.21053314208984375,1,-0.09,0.47368421052631576,6,0,1
12,8260,0.20554867386817932,0,-0.1,0.7857142857142857,2,0,0
12,8270,0.09557420760393143,1,0.05,0.0,0,0,0
12,8280,0.172768235206604,1,-0.04,0.25,2,0,0
12,8290,0.1704261749982834,0,-0.1,0.5882352941176471,2,0,0
12,8300,0.15433631837368011,1,-0.05,0.3125,2,0,1
12,8310,0.18047544360160828,0,-0.06,0.375,2,0,0
12,8320,0.18375514447689056,1,-0.01,0.21052631578947367,2,0,1
12,8330,0.17208853363990784,0,-0.04,0.4117647058823529,2,0,0
12,8340,0.05809364467859268,0,0.05,0.125,1,0,0
12,8350,0.08034561574459076,1,0.1,0.0,0,0,1
12,8360,0.028016380965709686,0,0.05,0.1111111111111111,2,0,0
12,8370,0.07677382975816727,0,0.01,0.16666666666666666,1,0,1
12,8380,0.04524458944797516,0,0.04,0.05,1,0,0
12,8390,0.13277673721313477,0,0.1,0.05,1,0,0
12,8400,0.04435368627309799,0,0.02,0.0,0,0,1
12,8410,0.0410861037671566,1,0.0,0.0,0,0,0
12,8420,0.22919966280460358,1,-0.09,0.47368421052631576,7,0,0
12,8430,0.20553284883499146,0,-0.1,0.55,6,0,0
12,8440,0.18190930783748627,1,-0.08,0.5714285714285714,2,0,1
12,8450,0.2020486295223236,1,-0.2,2.1176470588235294,4,0,0
12,8460,0.17362241446971893,0,-0.04,0.47058823529411764,2,0,0
12,8470,0.1758500635623932,1,-0.04,0.5,2,0,1
12,8480,0.17996084690093994,0,-0.02,0.375,2,0,0
12,8490,0.159371018409729,1,-0.01,0.35294117647058826,2,0,0
12,8500,0.15693557262420654,0,-0.08,0.47058823529411764,2,0,0
12,8510,0.17344796657562256,1,-0.06,0.35294117647058826,2,0,1
12,8520,0.19388678669929504,0,-0.01,0.3157894736842105,2,0,0
12,8530,0.17469152808189392,1,0.0,0.23529411764705882,2,0,1
12,8540,0.17144036293029785,0,-0.02,0.2222222222222222,2,0,1
12,8550,0.1944897621870041,1,-0.01,0.21052631578947367,2,0,1
12,8560,0.14043797552585602,0,0.01,0.0,0,0,1
12,8570,0.14806564152240753,1,-0.03,0.21052631578947367,1,0,0
12,8580,0.14365771412849426,0,0.0,0.0,0,0,0
12,8590,0.21090765297412872,1,-0.1,0.7777777777777778,3,0,0
12,8600,0.1620768904685974,0,-0.05,0.23809523809523808,5,0,0
12,8610,0.1787901520729065,1,-0.08,0.42105263157894735,6,0,1
12,8620,0.16614356637001038,0,-0.05,0.4,1,0,0
12,8630,0.06573714315891266,1,0.01,0.0,0,0,0
12,8640,0.12637509405612946,1,0.09,0.0,0,0,1
13,8650,0.18760401010513306,1,-0.08,0.5,2,0,1
13,8660,0.17898961901664734,0,-0.07,0.4117647058823529,2,0,0
13,8670,0.16391703486442566,1,0.0,0.2222222222222222,2,0,1
13,8680,0.17770163714885712,0,-0.08,0.47058823529411764,2,0,0
13,8690,0.18197426199913025,1,-0.03,0.29411764705882354,2,0,0
13,8700,0.1666421890258789,0,-0.04,0.25,2,0,0
13,8710,0.15768161416053772,1,0.0,0.125,1,0,0
13,8720,0.18528558313846588,0,-0.06,0.6,3,0,0
13,8730,0.18661576509475708,1,0.02,0.1111111111111111,2,0,1
13,8740,0.17096465826034546,0,0.0,0.05,1,0,1
13,8750,0.1577569991350174,1,-0.01,0.05555555555555555,1,0,1
13,8760,0.17988504469394684,0,-0.06,0.4444444444444444,2,0,0
13,8770,0.19361430406570435,1,-0.1,0.6111111111111112,2,0,1
13,8780,0.1710817664861679,0,-0.05,0.2777777777777778,5,0,0
13,8790,0.1834251880645752,1,-0.1,0.7222222222222222,6,0,1
13,8800,0.1933346688747406,0,-0.09,0.6428571428571429,2,0,0
13,8810,0.20131325721740723,1,-0.06,0.4117647058823529,2,0,1
13,8820,0.17948982119560242,0,-0.1,0.75,2,0,0
13,8830,0.18435683846473694,1,-0.09,0.5625,2,0,0
13,8840,0.18551218509674072,0,-0.05,0.3125,2,0,0
13,8850,0.1948423683643341,1,-0.07,0.4375,2,0,1
13,8860,0.1652420610189438,0,-0.03,0.4444444444444444,2,0,0
13,8870,0.1559024304151535,1,-0.02,0.125,2,0,1
13,8880,0.16707880795001984,0,-0.06,0.3333333333333333,2,0,0
13,8890,0.18003173172473907,1,0.01,0.1111111111111111,2,0,1
13,8900,0.16138221323490143,0,0.02,0.058823529411764705,1,0,1
13,8910,0.1833779215812683,1,0.02,0.10526315789473684,2,0,1
13,8920,0.15954647958278656,0,-0.04,0.4444444444444444,1,0,0
13,8930,0.1534385085105896,1,-0.04,0.3157894736842105,1,0,1
13,8940,0.14654728770256042,0,0.02,0.0,0,0,0
13,8950,0.05959053337574005,1,0.03,0.0,0,0,0
13,8960,0.1636882722377777,0,-0.05,0.3333333333333333,5,0,0
13,8970,0.149361252784729,1,-0.05,0.3333333333333333,5,0,0
13,8980,0.1856677085161209,0,-0.06,0.35294117647058826,2,0,0
13,8990,0.18848465383052826,1,-0.04,0.5882352941176471,2,0,1
13,9000,0.1770661175251007,0,-0.07,0.4375,2,0,0
13,9010,0.17620132863521576,1,-0.08,0.47058823529411764,2,0,1
13,9020,0.17138957977294922,0,-0.03,0.4117647058823529,2,0,0
13,9030,0.1517675369977951,1,-0.08,0.5,2,0,1
13,9040,0.16856476664543152,0,-0.05,0.4444444444444444,2,0,1
13,9050,0.19350221753120422,1,-0.05,0.29411764705882354,2,0,1
13,9060,0.1725776493549347,0,0.02,0.15789473684210525,2,0,1
13,9070,0.12688913941383362,1,0.0,0.0,0,0,1
13,9080,0.1878005564212799,0,-0.04,0.5,2,0,0
13,9090,0.15756018459796906,1,0.02,0.05555555555555555,1,0,0
13,9100,0.13197258114814758,0,0.02,0.0,0,0,0
13,9110,0.17095206677913666,1,-0.04,0.3333333333333333,1,0,1
13,9120,0.16523441672325134,0,-0.03,0.2777777777777778,1,0,1
13,9130,0.09264565259218216,0,0.05,0.0,0,0,0
13,9140,0.04821573197841644,0,0.02,0.0,4,0,1
13,9150,0.19237136840820312,0,-0.1,0.47619047619047616,6,0,1
13,9160,0.1662931740283966,1,-0.04,0.26666666666666666,1,0,0
13,9170,0.18306946754455566,0,-0.09,0.625,2,0,0
13,9180,0.16364428400993347,1,-0.09,0.6,2,0,0
13,9190,0.16203708946704865,0,-0.07,0.47058823529411764,2,0,0
13,9200,0.19076739251613617,1,-0.02,0.4117647058823529,2,0,1
13,9210,0.14805421233177185,1,0.24,0.2777777777777778,2,0,0
13,9220,0.18542462587356567,0,-0.06,0.47368421052631576,2,0,0
13,9230,0.1645497977733612,1,-0.07,0.4117647058823529,2,0,1
13,9240,0.16519251465797424,0,0.01,0.2777777777777778,2,0,0
13,9250,0.039520926773548126,1,0.06,0.05555555555555555,1,0,0
13,9260,0.13561131060123444,1,0.05,0.0,0,0,1
13,9270,0.1904653012752533,0,0.0,0.15,2,0,1
13,9280,0.13802418112754822,1,0.0,0.05555555555555555,1,0,1
13,9290,0.16361254453659058,0,-0.02,0.16666666666666666,2,0,1
13,9300,0.1459657996892929,1,0.01,0.0,0,0,1
13,9310,0.1661345362663269,0,-0.02,0.2222222222222222,1,0,0
13,9320,0.1460782140493393,1,-0.04,0.2631578947368421,5,0,0
13,9330,0.18720898032188416,0,-0.1,0.631578947368421,6,0,0
13,9340,0.20435306429862976,1,-0.09,0.7142857142857143,2,0,0
13,9350,0.18769416213035583,0,-0.1,0.8,2,0,0
13,9360,0.11312713474035263,1,-0.09,0.5625,2,0,1
14,9370,0.18140634894371033,1,-0.07,0.4375,2,0,1
14,9380,0.18094873428344727,0,-0.07,0.4375,2,0,0
14,9390,0.16503578424453735,1,-0.06,0.375,2,0,1
14,9400,0.17463499307632446,0,-0.06,0.375,2,0,0
14,9410,0.16586267948150635,1,-0.03,0.1875,2,0,1
14,9420,0.16597671806812286,0,-0.02,0.23529411764705882,2,0,0
14,9430,0.1656615138053894,1,0.01,0.05555555555555555,1,0,1
14,9440,0.1869756281375885,0,-0.04,0.4117647058823529,2,0,0
14,9450,0.18434754014015198,1,0.0,0.17647058823529413,2,0,0
14,9460,0.13195709884166718,0,0.01,0.0,0,0,0
14,9470,0.15234068036079407,1,-0.01,0.3157894736842105,1,0,0
14,9480,0.1360872983932495,0,0.0,0.0,0,0,0
14,9490,0.18894439935684204,1,-0.1,0.6,2,0,1
14,9500,0.22519390285015106,0,-0.11,0.7368421052631579,7,0,0
14,9510,0.20291727781295776,1,-0.09,0.5263157894736842,6,0,1
14,9520,0.18305715918540955,0,-0.09,0.5625,2,0,0
14,9530,0.1713133156299591,1,-0.08,0.5714285714285714,2,0,1
14,9540,0.1800456941127777,0,-0.07,0.4117647058823529,2,0,0
14,9550,0.17917513847351074,1,-0.08,0.47058823529411764,2,0,0
14,9560,0.1714746654033661,0,-0.07,0.4117647058823529,2,0,0
14,9570,0.17032629251480103,1,-0.07,0.4375,2,0,0
14,9580,0.16382291913032532,0,-0.07,0.4375,2,0,0
14,9590,0.17429816722869873,1,-0.02,0.11764705882352941,2,0,1
14,9600,0.18087264895439148,0,-0.03,0.29411764705882354,2,0,0
14,9610,0.13255265355110168,1,0.02,0.0,0,0,1
14,9620,0.23073092103004456,1,-0.2,1.9473684210526316,5,0,0
14,9630,0.18062418699264526,0,0.0,0.16666666666666666,2,0,1
14,9640,0.1282135248184204,1,0.02,0.0,0,0,1
14,9650,0.16124838590621948,1,0.15,0.3157894736842105,2,0,0
14,9660,0.1446324586868286,0,0.02,0.0,0,0,0
14,9670,0.1617649495601654,1,-0.05,0.2777777777777778,1,0,0
14,9680,0.20772352814674377,0,-0.06,0.42105263157894735,6,0,0
14,9690,0.18212108314037323,1,-0.1,0.6,6,0,0
14,9700,0.13995344936847687,0,-0.05,0.4,1,0,0
14,9710,0.17999696731567383,1,-0.09,0.5882352941176471,2,0,0
14,9720,0.18676882982254028,0,-0.07,0.4375,2,0,1
14,9730,0.17275318503379822,1,-0.09,0.5294117647058824,2,0,1
14,9740,0.15786848962306976,0,-0.08,0.5,2,0,1
14,9750,0.17127346992492676,1,-0.01,0.29411764705882354,2,0,1
14,9760,0.1834011673927307,0,-0.06,0.35294117647058826,2,0,0
14,9770,0.18136724829673767,1,-0.05,0.3125,2,0,1
14,9780,0.15839368104934692,0,-0.03,0.2777777777777778,2,0,0
14,9790,0.1711258888244629,1,0.01,0.16666666666666666,2,0,0
14,9800,0.18823322653770447,0,0.04,0.10526315789473684,2,0,0
14,9810,0.1761886328458786,1,0.02,0.17647058823529413,2,0,1
14,9820,0.20547518134117126,0,-0.06,0.4444444444444444,3,0,0
14,9830,0.11859828978776932,1,0.02,0.0,0,0,1
14,9840,0.1723616123199463,0,-0.06,0.3684210526315789,2,0,0
14,9850,0.17446178197860718,1,-0.06,0.3684210526315789,2,0,0
14,9860,0.18808525800704956,0,-0.07,0.42105263157894735,6,0,0
14,9870,0.197135329246521,1,-0.1,0.5,6,0,1
14,9880,0.1929020881652832,0,-0.09,0.5882352941176471,2,0,0
14,9890,0.1340751349925995,0,0.08,0.0,0,0,0
14,9900,0.09079291671514511,0,0.03,0.0,0,0,1
14,9910,0.028805620968341827,1,0.01,0.17647058823529413,1,0,0
14,9920,0.13996578752994537,0,0.1,0.0,0,0,1
14,9930,0.1020529493689537,1,0.03,0.0,0,0,0
14,9940,0.1410960853099823,0,0.07,0.0,0,0,1
14,9950,0.14513784646987915,0,0.08,0.0,0,0,0
14,9960,0.1401306688785553,1,0.07,0.0,0,0,1
14,9970,0.04064485430717468,0,0.02,0.16666666666666666,1,0,0
14,9980,0.06968094408512115,0,0.01,0.0,0,0,1
14,9990,0.012862473726272583,0,0.03,0.15789473684210525,2,0,0
14,10000,0.05007452517747879,0,0.07,0.0,0,0,1
14,10010,0.07176604121923447,1,0.01,0.05,1,0,0
14,10020,0.12305249273777008,1,0.03,0.0,0,0,1
14,10030,0.08875527232885361,0,-0.04,0.2777777777777778,1,0,1
14,10040,0.10213901847600937,1,-0.1,0.55,6,0,0
14,10050,0.14920443296432495,0,-0.08,0.45,6,0,1
14,10060,0.13484537601470947,0,0.01,0.0,0,0,0
14,10070,0.1797047257423401,1,-0.09,0.5294117647058824,2,0,0
14,10080,0.16219951212406158,1,-0.08,0.5,2,0,1
15,10090,0.10165226459503174,0,-0.08,0.4444444444444444,2,0,1
15,10100,0.14788047969341278,0,0.05,0.0,0,0,0
15,10110,0.13700923323631287,0,0.01,0.16666666666666666,2,0,0
15,10120,0.21155349910259247,1,0.1,0.0,0,0,1
15,10130,0.19581130146980286,1,0.08,0.0,0,0,1
15,10140,0.08594661206007004,1,-0.02,0.3333333333333333,2,0,0
15,10150,0.1771034300327301,0,0.05,0.05555555555555555,1,0,1
15,10160,0.12720417976379395,0,-0.01,0.1111111111111111,1,0,0
15,10170,0.078373022377491,1,0.05,0.1,2,0,0
15,10180,0.17396238446235657,1,-0.05,0.4444444444444444,3,0,1
15,10190,0.11059144139289856,0,0.05,0.0,0,0,1
15,10200,0.14230841398239136,0,-0.04,0.2777777777777778,1,0,0
15,10210,0.13559570908546448,0,-0.1,0.65,2,0,1
15,10220,0.19569730758666992,1,0.06,0.0,4,0,0
15,10230,0.15793469548225403,1,-0.1,0.5,6,0,0
15,10240,0.17767992615699768,1,-0.14,1.2941176470588236,3,0,0
15,10250,0.15585075318813324,1,-0.05,0.3125,1,0,0
15,10260,0.18213769793510437,1,0.03,0.0,0,0,0
15,10270,0.13196812570095062,1,0.04,0.0,0,0,0
15,10280,0.1642143279314041,1,-0.13,1.1176470588235294,3,0,0
15,10290,0.14703960716724396,1,-0.03,0.35294117647058826,2,0,0
15,10300,0.19271555542945862,1,0.07,0.0,0,0,1
15,10310,0.097571462392807,1,-0.01,0.2777777777777778,2,0,1
15,10320,0.13711747527122498,0,0.06,0.05,1,0,1
15,10330,0.1262044757604599,0,0.0,0.16666666666666666,2,0,0
15,10340,0.15241171419620514,1,0.04,0.1111111111111111,1,0,1
15,10350,0.1629045307636261,1,0.07,0.0,0,0,1
15,10360,0.15909036993980408,0,-0.05,0.4444444444444444,2,0,0
15,10370,0.10148420184850693,0,0.03,0.05,1,0,0
15,10380,0.15350502729415894,0,0.03,0.0,0,0,0
15,10390,0.12849348783493042,1,0.03,0.0,0,0,1
15,10400,0.15088051557540894,0,0.04,0.0,4,0,1
15,10410,0.16367648541927338,1,-0.08,0.4,6,0,0
15,10420,0.12822437286376953,1,-0.09,0.5555555555555556,2,0,0
15,10430,0.15534791350364685,1,-0.1,0.875,2,0,0
15,10440,0.07977372407913208,0,-0.07,0.4117647058823529,2,0,1
15,10450,0.16925422847270966,1,0.05,0.0,0,0,0
15,10460,0.13090480864048004,0,0.08,0.11764705882352941,1,0,0
15,10470,0.131708025932312,1,-0.01,0.375,2,0,0
15,10480,0.14039963483810425,1,-0.05,0.47058823529411764,2,0,1
15,10490,0.1317613124847412,1,0.03,0.05263157894736842,1,0,1
15,10500,0.11466282606124878,0,0.01,0.2222222222222222,2,0,0
15,10510,0.07724371552467346,1,0.05,0.05555555555555555,1,0,0
15,10520,0.2791522145271301,0,-0.14,0.9444444444444444,4,0,1
15,10530,0.12014439702033997,1,0.01,0.05555555555555555,1,0,1
15,10540,0.11351282894611359,0,-0.01,0.3333333333333333,1,0,0
15,10550,0.10660606622695923,0,0.04,0.0,0,0,0
15,10560,0.09676478803157806,0,0.04,0.0,0,0,0
15,10570,0.162661612033844,1,-0.1,0.6666666666666666,2,0,0
15,10580,0.21322160959243774,0,0.04,0.0,4,0,1
15,10590,0.24211837351322174,0,-0.09,0.5,6,0,1
15,10600,0.11876803636550903,1,0.03,0.0,0,0,0
15,10610,0.14141258597373962,1,-0.1,0.625,2,0,0
15,10620,0.18545834720134735,1,0.09,0.0,0,0,1
15,10630,0.1949077844619751,0,0.1,0.0,0,0,1
15,10640,0.16488686203956604,1,0.08,0.05555555555555555,1,0,0
15,10650,0.11102508753538132,1,-0.01,0.4117647058823529,2,0,1
15,10660,0.17488349974155426,0,0.03,0.0,0,0,1
15,10670,0.1830667406320572,0,0.01,0.0,0,0,1
15,10680,0.09926019608974457,0,-0.02,0.16666666666666666,2,0,0
15,10690,0.12375569343566895,1,-0.01,0.11764705882352941,2,0,1
15,10700,0.2860602140426636,1,-0.14,1.0,4,0,0
15,10710,0.1983577162027359,0,0.1,0.0,0,0,1
15,10720,0.1334155946969986,0,0.03,0.05555555555555555,1,0,1
15,10730,0.08352238684892654,1,0.01,0.1,2,0,1
15,10740,0.07833428680896759,0,-0.04,0.4,1,0,1
15,10750,0.0891847237944603,0,-0.04,0.2222222222222222,1,0,0
15,10760,0.1580631136894226,1,-0.07,0.47368421052631576,6,0,0
15,10770,0.09982337802648544,1,-0.05,0.23809523809523808,5,0,1
15,10780,0.14900997281074524,0,-0.09,0.5625,2,0,1
15,10790,0.18461960554122925,0,0.08,0.0,0,0,0
15,10800,0.1437167376279831,1,0.1,0.0,0,0,1
16,10810,0.10623155534267426,0,-0.06,0.375,2,0,0
16,10820,0.13691043853759766,0,0.07,0.10526315789473684,1,0,1
16,10830,0.17433270812034607,1,0.05,0.0,0,0,0
16,10840,0.1859588623046875,0,0.08,0.0,0,0,1
16,10850,0.21819636225700378,1,0.08,0.1111111111111111,1,0,1
16,10860,0.1177692785859108,1,0.0,0.29411764705882354,2,0,0
16,10870,0.13541963696479797,1,0.06,0.0,0,0,1
16,10880,0.2485485076904297,0,-0.14,1.2777777777777777,4,0,1
16,10890,0.16985297203063965,1,0.07,0.0,0,0,0
16,10900,0.15035675466060638,0,0.03,0.0,0,0,0
16,10910,0.11709543317556381,0,0.02,0.05,1,0,0
16,10920,0.1308043748140335,0,0.03,0.0,0,0,1
16,10930,0.22206375002861023,0,-0.11,0.6842105263157895,3,0,1
16,10940,0.16902096569538116,0,0.05,0.0,4,0,0
16,10950,0.17481714487075806,0,0.05,0.0,4,0,1
16,10960,0.1409742683172226,1,0.03,0.3125,1,0,0
16,10970,0.13798141479492188,0,-0.1,0.5882352941176471,2,0,1
16,10980,0.19460611045360565,0,-0.14,1.1176470588235294,3,0,1
16,10990,0.1903107464313507,1,0.06,0.0,0,0,1
16,11000,0.10827069729566574,0,-0.07,0.4375,2,0,0
16,11010,0.11354763060808182,1,-0.03,0.47058823529411764,2,0,0
16,11020,0.13659584522247314,1,0.04,0.17647058823529413,2,0,1
16,11030,0.119853675365448,1,-0.01,0.2222222222222222,2,0,1
16,11040,0.2733158767223358,0,-0.18,1.4444444444444444,4,0,1
16,11050,0.11675801873207092,0,0.03,0.1111111111111111,1,0,0
16,11060,0.16113990545272827,1,-0.04,0.5882352941176471,3,0,0
16,11070,0.10569316148757935,0,0.04,0.10526315789473684,1,0,1
16,11080,0.15938593447208405,1,0.09,0.0,0,0,1
16,11090,0.26639649271965027,1,0.14,0.0,0,0,1
16,11100,0.16971099376678467,1,-0.11,0.75,3,0,0
16,11110,0.18893474340438843,0,0.11,0.0,0,0,1
16,11120,0.11407356709241867,0,-0.05,0.35,5,0,0
16,11130,0.12189100682735443,1,-0.1,0.5,6,0,1
16,11140,0.16762641072273254,0,-0.1,0.6875,2,0,0
16,11150,0.23277810215950012,0,0.09,0.0,0,0,1
16,11160,0.16550570726394653,0,-0.01,0.35294117647058826,2,0,0
16,11170,0.09140819311141968,1,-0.05,0.5294117647058824,2,0,0
16,11180,0.0837690681219101,1,-0.06,0.375,2,0,0
16,11190,0.20651137828826904,1,0.07,0.0,0,0,0
16,11200,0.19035828113555908,0,0.04,0.0,0,0,1
16,11210,0.13593369722366333,0,0.05,0.058823529411764705,1,0,1
16,11220,0.0926666259765625,1,0.04,0.058823529411764705,1,0,0
16,11230,0.0872650295495987,0,0.0,0.2222222222222222,2,0,1
16,11240,0.09488675743341446,1,0.0,0.1111111111111111,1,0,1
16,11250,0.1381087303161621,0,0.05,0.0,0,0,1
16,11260,0.15162286162376404,0,0.07,0.0,0,0,0
16,11270,0.10878196358680725,0,0.03,0.0,0,0,0
16,11280,0.17336487770080566,0,-0.1,0.6,2,0,1
16,11290,0.16304457187652588,0,0.0,0.0,0,0,0
16,11300,0.14652040600776672,1,0.02,0.0,4,0,1
16,11310,0.22192907333374023,0,-0.09,0.45,6,0,1
16,11320,0.14445507526397705,1,0.03,0.0,0,0,0
16,11330,0.14212638139724731,0,0.05,0.0,0,0,1
16,11340,0.09632644802331924,0,-0.08,0.5,2,0,0
16,11350,0.14022216200828552,1,-0.04,0.5294117647058824,2,0,1
16,11360,0.1688254177570343,0,0.04,0.0,0,0,1
16,11370,0.23159393668174744,0,0.1,0.0,0,0,1
16,11380,0.1856316328048706,0,0.09,0.0,0,0,1
16,11390,0.17678038775920868,0,0.09,0.0,0,0,0
16,11400,0.1776074767112732,0,0.06,0.0,0,0,0
16,11410,0.10065542161464691,1,0.04,0.05555555555555555,1,0,0
16,11420,0.2740746736526489,0,-0.14,1.1666666666666667,4,0,1
16,11430,0.2704475522041321,0,-0.09,0.8333333333333334,4,0,1
16,11440,0.09247948229312897,0,0.0,0.05555555555555555,1,0,0
16,11450,0.10259665548801422,1,-0.05,0.4,2,0,0
16,11460,0.23018434643745422,1,-0.12,0.8,4,0,0
16,11470,0.14608991146087646,1,0.03,0.0,0,0,1
16,11480,0.158605694770813,0,-0.05,0.2631578947368421,6,0,1
16,11490,0.16038338840007782,0,-0.09,0.55,6,0,1
16,11500,0.12111306935548782,0,0.03,0.0,0,0,0
16,11510,0.1729145348072052,0,0.04,0.0,0,0,1
16,11520,0.15298977494239807,1,-0.08,0.5,2,0,0
17,11530,0.10134521126747131,0,-0.07,0.4117647058823529,2,0,1
17,11540,0.17363038659095764,1,0.09,0.0,0,0,0
17,11550,0.17625212669372559,1,0.09,0.0,0,0,0
17,11560,0.19835585355758667,1,0.07,0.0,0,0,1
17,11570,0.2054784893989563,1,0.08,0.0,0,0,1
17,11580,0.10760220885276794,0,-0.04,0.2222222222222222,2,0,1
17,11590,0.14326894283294678,0,0.05,0.10526315789473684,1,0,0
17,11600,0.10705287754535675,1,0.04,0.1111111111111111,2,0,0
17,11610,0.17563219368457794,0,-0.04,0.6111111111111112,3,0,1
17,11620,0.18431437015533447,0,0.08,0.1111111111111111,2,0,0
17,11630,0.09405955672264099,0,0.0,0.05555555555555555,1,0,1
17,11640,0.11696761101484299,1,0.03,0.0,0,0,0
17,11650,0.1813041865825653,0,-0.1,0.6,2,0,1
17,11660,0.1814277321100235,1,-0.1,0.6111111111111112,6,0,0
17,11670,0.2154928296804428,1,-0.1,0.55,6,0,0
17,11680,0.1629255712032318,0,0.05,0.0,0,0,1
17,11690,0.15619486570358276,1,0.05,0.0,0,0,0
17,11700,0.1434946060180664,1,0.0,0.5,2,0,0
17,11710,0.08187457919120789,1,-0.1,0.625,2,0,0
17,11720,0.07928866147994995,0,-0.06,0.375,2,0,1
17,11730,0.0917721539735794,1,-0.04,0.4444444444444444,2,0,0
17,11740,0.09936501085758209,0,0.0,0.25,2,0,0
17,11750,0.19642257690429688,1,0.05,0.0,0,0,0
17,11760,0.11898492276668549,1,-0.02,0.2777777777777778,2,0,1
17,11770,0.1359231173992157,0,0.08,0.05555555555555555,1,0,1
17,11780,0.34627875685691833,1,0.13,0.0,0,0,1
17,11790,0.08814924210309982,1,0.0,0.125,1,0,1
17,11800,0.13005858659744263,0,-0.06,0.4444444444444444,2,0,1
17,11810,0.0880773514509201,1,0.04,0.05,1,0,0
17,11820,0.11934122443199158,1,0.06,0.0,0,0,1
17,11830,0.20135784149169922,1,-0.09,0.55,2,0,0
17,11840,0.2237584888935089,1,-0.1,0.5,6,0,0
17,11850,0.2144281268119812,0,-0.08,0.42105263157894735,6,0,0
17,11860,0.14433526992797852,0,-0.09,0.625,2,0,1
17,11870,0.13779699802398682,0,-0.08,0.6,2,0,0
17,11880,0.18472778797149658,0,0.05,0.0,0,0,1
17,11890,0.1587749421596527,1,0.02,0.0,0,0,0
17,11900,0.10907537490129471,1,-0.07,0.4375,2,0,1
17,11910,0.19508081674575806,1,0.05,0.0,0,0,1
17,11920,0.10582856833934784,0,0.01,0.3157894736842105,2,0,0
17,11930,0.1862611472606659,0,0.07,0.0,0,0,0
17,11940,0.11931250244379044,0,-0.03,0.1875,1,0,0
17,11950,0.2387062907218933,0,0.1,0.0,0,0,0
17,11960,0.1363639235496521,0,0.09,0.0,0,0,0
17,11970,0.09171178936958313,0,0.01,0.05263157894736842,1,0,1
17,11980,0.11355573683977127,1,-0.01,0.15789473684210525,2,0,0
17,11990,0.12278573215007782,0,0.04,0.05,1,0,1
17,12000,0.1334536075592041,0,0.05,0.0,0,0,1
17,12010,0.12367931753396988,1,0.03,0.0,0,0,0
17,12020,0.15092501044273376,1,0.03,0.047619047619047616,5,0,1
17,12030,0.21818366646766663,1,0.05,0.0,4,0,1
17,12040,0.18905609846115112,1,0.08,0.0,0,0,0
17,12050,0.1700063943862915,1,-0.1,0.6875,2,0,1
17,12060,0.20409147441387177,1,-0.08,0.5333333333333333,2,0,1
17,12070,0.18622523546218872,0,0.08,0.0,0,0,0
17,12080,0.10356981307268143,1,-0.04,0.4117647058823529,2,0,0
17,12090,0.2011694610118866,0,0.1,0.0,0,0,1
17,12100,0.19513656198978424,0,0.05,0.0,0,0,0
17,12110,0.1398107260465622,1,0.03,0.17647058823529413,1,0,0
17,12120,0.10106319189071655,1,0.01,0.23529411764705882,2,0,1
17,12130,0.11208267509937286,1,0.02,0.0,0,0,1
17,12140,0.10045216232538223,1,0.01,0.05555555555555555,1,0,1
17,12150,0.10750976949930191,1,0.02,0.05555555555555555,1,0,1
17,12160,0.10695698112249374,0,-0.01,0.1111111111111111,2,0,1
17,12170,0.22353309392929077,0,-0.12,0.75,3,0,1
17,12180,0.10403400659561157,0,-0.03,0.2631578947368421,1,0,1
17,12190,0.21743500232696533,0,-0.1,0.55,2,0,1
17,12200,0.1128576323390007,1,0.04,0.0,4,0,0
17,12210,0.15306305885314941,1,0.04,0.0,4,0,1
17,12220,0.11530706286430359,1,0.01,0.0,0,0,0
17,12230,0.1831132173538208,0,0.06,0.0,0,0,1
17,12240,0.16998893022537231,1,0.07,0.0,0,0,0
18,12250,0.18124094605445862,1,0.06,0.0,0,0,1
18,12260,0.11535083502531052,1,0.04,0.29411764705882354,2,0,0
18,12270,0.1731363832950592,1,0.07,0.0,0,0,1
18,12280,0.17491503059864044,0,0.08,0.0,0,0,0
18,12290,0.17511975765228271,1,0.05,0.0,0,0,0
18,12300,0.12156322598457336,1,-0.04,0.2777777777777778,2,0,1
18,12310,0.09283056110143661,1,0.05,0.05555555555555555,1,0,1
18,12320,0.15019389986991882,1,0.04,0.0,0,0,0
18,12330,0.09783414006233215,0,0.01,0.15789473684210525,2,0,1
18,12340,0.10293418914079666,0,0.01,0.15789473684210525,2,0,0
18,12350,0.12598226964473724,1,-0.01,0.10526315789473684,2,0,0
18,12360,0.13288061320781708,1,0.03,0.0,0,0,1
18,12370,0.17093642055988312,0,-0.1,0.75,2,0,1
18,12380,0.22945371270179749,0,0.09,0.0,4,0,0
18,12390,0.14027482271194458,1,-0.09,0.5,6,0,0
18,12400,0.1879299283027649,1,0.07,0.0,0,0,1
18,12410,0.10382266342639923,0,-0.09,0.5294117647058824,2,0,1
18,12420,0.16072571277618408,0,-0.14,1.1764705882352942,3,0,1
18,12430,0.15111353993415833,1,0.03,0.0,0,0,0
18,12440,0.10034654289484024,1,0.0,0.2777777777777778,2,0,0
18,12450,0.2060844898223877,0,0.1,0.0,0,0,1
18,12460,0.18907999992370605,0,0.07,0.0,0,0,1
18,12470,0.1800864338874817,0,0.04,0.0,0,0,1
18,12480,0.19206178188323975,0,0.05,0.0,0,0,1
18,12490,0.09385620802640915,0,0.03,0.125,1,0,0
18,12500,0.1100602000951767,1,-0.03,0.23529411764705882,2,0,1
18,12510,0.1737821400165558,0,-0.04,0.47368421052631576,3,0,0
18,12520,0.11315946280956268,1,-0.01,0.2222222222222222,1,0,0
18,12530,0.11217227578163147,1,0.05,0.0,0,0,1
18,12540,0.11602979898452759,1,0.06,0.0,0,0,1
18,12550,0.23745742440223694,0,-0.11,0.6,3,0,1
18,12560,0.22409993410110474,0,-0.1,0.6,6,0,1
18,12570,0.209827721118927,0,-0.1,0.65,6,0,1
18,12580,0.20127283036708832,1,0.07,0.0,0,0,0
18,12590,0.13967396318912506,0,0.01,0.0,0,0,1
18,12600,0.26090294122695923,1,-0.2,1.8235294117647058,4,0,0
18,12610,0.09043224155902863,1,-0.08,0.5333333333333333,2,0,0
18,12620,0.1981038600206375,0,0.08,0.0,0,0,1
18,12630,0.19373513758182526,0,0.05,0.0,0,0,1
18,12640,0.14585071802139282,0,0.05,0.2,1,0,1
18,12650,0.17286619544029236,0,-0.06,0.6,3,0,1
18,12660,0.26799654960632324,0,-0.13,1.1666666666666667,4,0,1
18,12670,0.1323651522397995,1,0.02,0.0,0,0,0
18,12680,0.10019412636756897,1,0.01,0.23529411764705882,2,0,0
18,12690,0.09515190124511719,0,0.04,0.10526315789473684,2,0,1
18,12700,0.22665992379188538,1,-0.11,0.65,3,0,0
18,12710,0.12503042817115784,0,0.06,0.0,0,0,1
18,12720,0.19180594384670258,0,-0.09,0.6666666666666666,2,0,0
18,12730,0.15075063705444336,1,-0.06,0.3333333333333333,2,0,1
18,12740,0.135544091463089,0,0.02,0.0,4,0,1
18,12750,0.11657160520553589,1,0.03,0.0,4,0,0
18,12760,0.16208511590957642,0,0.04,0.0,0,0,1
18,12770,0.11469946801662445,0,-0.1,0.5882352941176471,2,0,0
18,12780,0.18752256035804749,0,0.05,0.0,0,0,0
18,12790,0.19531436264514923,0,0.05,0.0,0,0,0
18,12800,0.19049468636512756,1,0.07,0.0,0,0,0
18,12810,0.1141456812620163,1,0.0,0.4375,2,0,0
18,12820,0.16953682899475098,1,-0.13,1.0526315789473684,3,0,0
18,12830,0.17591485381126404,1,0.07,0.0,0,0,0
18,12840,0.129365012049675,1,0.04,0.11764705882352941,1,0,0
18,12850,0.14467191696166992,0,0.09,0.0,0,0,1
18,12860,0.09927051514387131,1,0.02,0.058823529411764705,1,0,1
18,12870,0.10149053484201431,1,0.04,0.15789473684210525,2,0,0
18,12880,0.11416106671094894,0,0.03,0.1111111111111111,1,0,1
18,12890,0.26937124133110046,0,0.13,0.0,0,0,1
18,12900,0.1944260597229004,1,-0.11,0.8,3,0,0
18,12910,0.11807779967784882,1,0.0,0.0,0,0,0
18,12920,0.22473874688148499,1,-0.09,0.5,6,0,0
18,12930,0.17776478826999664,1,0.02,0.0,4,0,1
18,12940,0.16725775599479675,1,-0.09,0.625,2,0,0
18,12950,0.18900947272777557,1,0.07,0.0,0,0,1
18,12960,0.147462397813797,1,0.07,0.0,0,0,1
19,12970,0.09742312878370285,1,-0.05,0.5294117647058824,2,0,1
19,12980,0.19519352912902832,1,0.1,0.0,0,0,0
19,12990,0.18663355708122253,0,-0.14,1.0555555555555556,3,0,1
19,13000,0.10582803934812546,0,0.01,0.16666666666666666,2,0,0
19,13010,0.1486232429742813,1,0.03,0.1111111111111111,1,0,0
19,13020,0.11142323911190033,1,-0.01,0.29411764705882354,2,0,1
19,13030,0.10035379976034164,0,0.04,0.17647058823529413,2,0,1
19,13040,0.09881409257650375,1,0.01,0.1111111111111111,1,0,1
19,13050,0.09840390086174011,1,0.02,0.1111111111111111,1,0,0
19,13060,0.1540176123380661,0,0.09,0.0,0,0,1
19,13070,0.15085220336914062,1,0.05,0.0,0,0,1
19,13080,0.1199597492814064,1,0.04,0.05,1,0,1
19,13090,0.18641355633735657,0,-0.09,0.5909090909090909,2,0,1
19,13100,0.19688495993614197,0,-0.1,0.6,6,0,1
19,13110,0.1664964258670807,1,-0.1,0.6,6,0,0
19,13120,0.20905272662639618,0,0.08,0.0,0,0,1
19,13130,0.1332206130027771,0,-0.1,0.6470588235294118,2,0,0
19,13140,0.09049195051193237,0,-0.07,0.4375,2,0,0
19,13150,0.14365099370479584,0,0.06,0.0,0,0,0
19,13160,0.16886049509048462,1,-0.1,0.8823529411764706,3,0,0
19,13170,0.11714750528335571,0,0.0,0.3684210526315789,2,0,0
19,13180,0.10760597884654999,1,-0.03,0.29411764705882354,2,0,1
19,13190,0.2675606608390808,1,-0.17,1.25,4,0,0
19,13200,0.1064198762178421,0,-0.03,0.3333333333333333,2,0,1
19,13210,0.11277978122234344,0,0.01,0.15789473684210525,1,0,0
19,13220,0.10431443899869919,1,-0.02,0.23529411764705882,2,0,1
19,13230,0.11274086683988571,1,-0.01,0.1111111111111111,1,0,1
19,13240,0.11095762252807617,1,0.02,0.05,1,0,1
19,13250,0.13766393065452576,0,-0.06,0.38095238095238093,2,0,1
19,13260,0.19075801968574524,1,-0.05,0.55,2,0,0
19,13270,0.11266244947910309,1,0.01,0.0,0,0,0
19,13280,0.16613680124282837,0,0.05,0.0,4,0,0
19,13290,0.13127057254314423,1,0.01,0.0,4,0,1
19,13300,0.1737799346446991,1,0.02,0.0,0,0,0
19,13310,0.15266364812850952,1,-0.1,0.625,2,0,1
19,13320,0.20821645855903625,0,-0.06,0.375,2,0,0
19,13330,0.21904385089874268,0,-0.08,0.5,2,0,0
19,13340,0.1466566026210785,1,0.05,0.0,0,0,0
19,13350,0.08545906841754913,1,0.01,0.16666666666666666,2,0,1
19,13360,0.14308151602745056,1,0.02,0.0,0,0,0
19,13370,0.14134007692337036,1,0.03,0.1111111111111111,1,0,0
19,13380,0.11359149217605591,1,0.03,0.11764705882352941,2,0,1
19,13390,0.1000886932015419,0,0.04,0.10526315789473684,1,0,0
19,13400,0.2326548993587494,1,0.1,0.0,0,0,0
19,13410,0.16711217164993286,0,-0.06,0.7222222222222222,3,0,1
19,13420,0.12933646142482758,1,-0.02,0.4444444444444444,1,0,1
19,13430,0.12470826506614685,0,0.01,0.0,0,0,1
19,13440,0.19715863466262817,0,-0.1,0.55,2,0,1
19,13450,0.11243921518325806,1,0.03,0.0,0,0,0
19,13460,0.24550041556358337,1,-0.1,0.55,7,0,0
19,13470,0.11632398515939713,0,-0.03,0.16666666666666666,5,0,1
19,13480,0.18065975606441498,0,-0.08,0.5,2,0,1
19,13490,0.14187584817409515,1,0.02,0.21052631578947367,1,0,1
19,13500,0.18984073400497437,1,0.08,0.0,0,0,0
19,13510,0.12413544207811356,1,-0.03,0.4117647058823529,2,0,1
19,13520,0.10164117068052292,0,-0.05,0.3125,2,0,1
19,13530,0.11182831972837448,1,-0.01,0.47058823529411764,2,0,0
19,13540,0.15883994102478027,0,0.09,0.0,0,0,1
19,13550,0.12061413377523422,0,-0.04,0.35294117647058826,2,0,0
19,13560,0.11296316236257553,0,0.05,0.15,2,0,0
19,13570,0.11562354862689972,1,-0.01,0.23529411764705882,2,0,1
19,13580,0.12455543875694275,1,0.07,0.0,0,0,1
19,13590,0.09780382364988327,1,-0.01,0.17647058823529413,2,0,1
19,13600,0.11070030927658081,0,-0.03,0.2222222222222222,1,0,1
19,13610,0.2489713728427887,0,-0.11,0.55,3,0,1
19,13620,0.11201399564743042,1,0.01,0.0,0,0,1
19,13630,0.13439318537712097,0,-0.1,0.55,2,0,1
19,13640,0.17770063877105713,1,0.05,0.0,4,0,0
19,13650,0.21716605126857758,1,-0.09,0.45,6,0,0
19,13660,0.16337591409683228,0,-0.09,0.5625,2,0,1
19,13670,0.1109037697315216,1,-0.02,0.5294117647058824,2,0,0
19,13680,0.1347651183605194,1,0.08,0.0,0,0,0
20,13690,0.18588362634181976,1,0.07,0.0,0,0,1
20,13700,0.245179682970047,1,-0.14,1.0526315789473684,3,0,0
20,13710,0.10953575372695923,1,-0.04,0.3333333333333333,2,0,0
20,13720,0.19070859253406525,0,0.06,0.0,0,0,1
20,13730,0.16088536381721497,0,0.04,0.0,0,0,1
20,13740,0.10659726709127426,0,0.01,0.29411764705882354,2,0,1
20,13750,0.09686680138111115,1,0.05,0.15,1,0,1
20,13760,0.09213593602180481,1,0.01,0.1111111111111111,1,0,1
20,13770,0.10526978969573975,0,0.02,0.15,2,0,0
20,13780,0.11692628264427185,0,0.05,0.0,0,0,1
20,13790,0.1028631404042244,1,-0.01,0.047619047619047616,1,0,0
20,13800,0.07769817113876343,1,0.11,0.05555555555555555,1,0,1
20,13810,0.13195239007472992,0,0.03,0.0,0,0,1
20,13820,0.2528858184814453,0,-0.11,0.6190476190476191,7,0,0
20,13830,0.1705014854669571,1,0.05,0.0,4,0,0
20,13840,0.10353665053844452,1,-0.08,0.5625,2,0,1
20,13850,0.10717691481113434,1,0.0,0.2222222222222222,1,0,1
20,13860,0.17206241190433502,1,0.07,0.0,0,0,1
20,13870,0.18307042121887207,0,0.08,0.0,0,0,1
20,13880,0.10687543451786041,0,-0.07,0.4375,2,0,0
20,13890,0.18962462246418,0,0.08,0.0,0,0,0
20,13900,0.18290889263153076,0,0.1,0.0,0,0,0
20,13910,0.17832094430923462,0,0.05,0.0,0,0,0
20,13920,0.09258349239826202,0,-0.01,0.2222222222222222,2,0,1
20,13930,0.1386711299419403,0,0.06,0.10526315789473684,1,0,0
20,13940,0.09117932617664337,1,0.0,0.2222222222222222,2,0,1
20,13950,0.1483888030052185,1,0.05,0.05263157894736842,1,0,1
20,13960,0.27910149097442627,0,-0.13,1.0526315789473684,4,0,1
20,13970,0.11056344956159592,0,0.01,0.0,0,0,0
20,13980,0.14035886526107788,0,0.02,0.0,0,0,0
20,13990,0.09974226355552673,0,0.01,0.05263157894736842,1,0,1
20,14000,0.14745229482650757,0,-0.1,0.5789473684210527,6,0,0
20,14010,0.21833431720733643,0,-0.07,0.35,6,0,1
20,14020,0.18283328413963318,1,-0.1,0.6875,2,0,0
20,14030,0.11935397982597351,1,-0.1,0.6111111111111112,2,0,0
20,14040,0.24389386177062988,0,-0.14,1.1666666666666667,3,0,1
20,14050,0.2461974024772644,0,-0.2,1.875,4,0,1
20,14060,0.09055647253990173,1,-0.03,0.3888888888888889,2,0,1
20,14070,0.20006123185157776,1,0.05,0.0,0,0,1
20,14080,0.20053449273109436,1,0.01,0.0,0,0,0
20,14090,0.1289663314819336,1,0.05,0.2,2,0,1
20,14100,0.0862303152680397,1,0.02,0.058823529411764705,1,0,0
20,14110,0.08531402051448822,1,0.07,0.0,0,0,0
20,14120,0.18034487962722778,0,-0.1,0.6111111111111112,3,0,0
20,14130,0.11101073026657104,1,0.04,0.1111111111111111,2,0,0
20,14140,0.11202879995107651,1,0.03,0.05555555555555555,1,0,1
20,14150,0.22223371267318726,0,-0.1,0.6,2,0,1
20,14160,0.17295819520950317,1,-0.07,0.5555555555555556,2,0,0
20,14170,0.1367933750152588,0,-0.07,0.42105263157894735,2,0,0
20,14180,0.2713997960090637,0,-0.12,0.75,8,0,1
20,14190,0.19830107688903809,0,0.1,0.0,4,0,0
20,14200,0.16058257222175598,1,-0.07,0.4375,2,0,0
20,14210,0.11199568957090378,0,-0.1,0.625,2,0,0
20,14220,0.175784632563591,0,0.05,0.0,0,0,0
20,14230,0.11785722523927689,1,-0.04,0.47058823529411764,2,0,1
20,14240,0.09422410279512405,1,-0.07,0.4375,2,0,1
20,14250,0.13643087446689606,1,0.06,0.1,1,0,1
20,14260,0.183865487575531,0,0.02,0.0,0,0,0
20,14270,0.11406105011701584,0,0.03,0.05,1,0,0
20,14280,0.10077721625566483,0,0.03,0.17647058823529413,1,0,0
20,14290,0.11117318272590637,1,0.01,0.16666666666666666,2,0,1
20,14300,0.1785982847213745,1,0.03,0.0,0,0,1
20,14310,0.0973392128944397,1,0.05,0.1,2,0,1
20,14320,0.11147651076316833,0,0.16,0.4,2,0,0
20,14330,0.11131231486797333,0,0.01,0.05,1,0,0
20,14340,0.12070053815841675,1,-0.04,0.3333333333333333,2,0,1
20,14350,0.10809068381786346,0,0.02,0.05,1,0,1
20,14360,0.22548425197601318,0,-0.11,0.5454545454545454,7,0,0
20,14370,0.21234261989593506,0,-0.06,0.3,6,0,1
20,14380,0.13254213333129883,1,0.01,0.0,0,0,0
20,14390,0.19769594073295593,1,0.1,0.0,0,0,0
20,14400,0.1504473090171814,1,0.03,0.4375,2,0,0
21,14410,0.18104097247123718,0,0.11,0.0,0,0,1
21,14420,0.10642033815383911,1,0.02,0.11764705882352941,1,0,0
21,14430,0.16808778047561646,0,0.09,0.0,0,0,0
21,14440,0.16169914603233337,1,0.06,0.0,0,0,0
21,14450,0.16762667894363403,1,0.03,0.0,0,0,0
21,14460,0.12936386466026306,1,0.01,0.15789473684210525,2,0,1
21,14470,0.10934187471866608,0,0.06,0.058823529411764705,1,0,0
21,14480,0.1774580478668213,1,-0.05,0.6111111111111112,3,0,0
21,14490,0.16801729798316956,0,0.03,0.0,0,0,1
21,14500,0.14161360263824463,0,-0.04,0.4444444444444444,2,0,1
21,14510,0.12866362929344177,0,-0.03,0.3333333333333333,2,0,1
21,14520,0.11261775344610214,0,0.01,0.0,0,0,1
21,14530,0.11131632328033447,1,-0.04,0.3333333333333333,1,0,0
21,14540,0.20681583881378174,0,0.07,0.0,4,0,1
21,14550,0.15401530265808105,0,0.03,0.0,4,0,0
21,14560,0.14383983612060547,0,-0.1,0.625,2,0,1
21,14570,0.16687504947185516,1,-0.09,0.6666666666666666,2,0,0
21,14580,0.17307573556900024,1,-0.08,0.5,2,0,0
21,14590,0.15926116704940796,0,-0.07,0.3888888888888889,2,0,0
21,14600,0.09418821334838867,1,-0.09,0.5294117647058824,2,0,0
21,14610,0.11076880991458893,0,-0.02,0.2631578947368421,2,0,0
21,14620,0.1736270785331726,1,0.07,0.0,0,0,0
21,14630,0.13006073236465454,1,0.03,0.16666666666666666,2,0,1
21,14640,0.10916577279567719,1,0.04,0.05555555555555555,1,0,0
21,14650,0.15336957573890686,0,0.07,0.0,0,0,0
21,14660,0.15359064936637878,1,-0.05,0.5555555555555556,2,0,0
21,14670,0.08490052819252014,0,0.02,0.10526315789473684,2,0,0
21,14680,0.10823630541563034,0,0.01,0.0,0,0,0
21,14690,0.1554572731256485,0,0.06,0.0,0,0,1
21,14700,0.12428393214941025,1,0.0,0.0,0,0,0
21,14710,0.2067071795463562,0,-0.1,0.55,2,0,1
21,14720,0.11207981407642365,1,0.03,0.0,4,0,0
21,14730,0.17761129140853882,1,-0.1,0.55,6,0,0
21,14740,0.16589850187301636,0,0.09,0.0,0,0,1
21,14750,0.15913096070289612,1,-0.1,0.6470588235294118,2,0,0
21,14760,0.1970016062259674,1,0.07,0.0,0,0,0
21,14770,0.15466110408306122,1,0.04,0.0625,1,0,0
21,14780,0.10385086387395859,0,-0.02,0.47058823529411764,2,0,0
21,14790,0.19590891897678375,0,0.05,0.0,0,0,1
21,14800,0.10153544694185257,0,0.02,0.3333333333333333,2,0,0
21,14810,0.1761265993118286,0,0.08,0.0,0,0,0
21,14820,0.17159518599510193,1,0.08,0.0,0,0,0
21,14830,0.09610159695148468,0,0.04,0.05555555555555555,1,0,1
21,14840,0.17553329467773438,1,-0.06,0.47368421052631576,3,0,0
21,14850,0.12239019572734833,1,0.02,0.0,0,0,1
21,14860,0.1052723079919815,1,0.02,0.05555555555555555,1,0,1
21,14870,0.11889015138149261,1,0.03,0.0,0,0,0
21,14880,0.13724961876869202,1,-0.04,0.3333333333333333,1,0,1
21,14890,0.14059315621852875,0,0.02,0.0,0,0,1
21,14900,0.1463426649570465,0,-0.1,0.7,6,0,0
21,14910,0.13555048406124115,0,-0.08,0.4,6,0,1
21,14920,0.18204286694526672,1,-0.1,0.75,2,0,0
21,14930,0.09563913196325302,0,-0.1,0.6666666666666666,2,0,1
21,14940,0.2105139046907425,0,-0.09,0.5625,2,0,1
21,14950,0.1369324028491974,1,-0.1,0.6666666666666666,2,0,1
21,14960,0.18005794286727905,1,0.09,0.0,0,0,0
21,14970,0.17393681406974792,1,0.06,0.0,0,0,0
21,14980,0.10323429852724075,1,-0.04,0.3157894736842105,2,0,0
21,14990,0.10472831130027771,0,0.01,0.17647058823529413,2,0,0
21,15000,0.12478761374950409,1,-0.03,0.35294117647058826,2,0,1
21,15010,0.11186579614877701,0,0.01,0.11764705882352941,2,0,0
21,15020,0.10760214924812317,1,0.06,0.05,1,0,0
21,15030,0.09424767643213272,1,0.0,0.1111111111111111,1,0,1
21,15040,0.09725522994995117,1,0.01,0.05263157894736842,1,0,0
21,15050,0.12346293777227402,0,0.06,0.0,0,0,0
21,15060,0.12934139370918274,0,0.04,0.0,0,0,1
21,15070,0.12288517504930496,1,0.01,0.0,0,0,1
21,15080,0.16715729236602783,0,-0.1,0.7,6,0,1
21,15090,0.11323779821395874,1,0.04,0.0,4,0,0
21,15100,0.199674591422081,0,0.05,0.0,0,0,1
21,15110,0.12554004788398743,0,-0.1,0.6875,2,0,1
21,15120,0.11917571723461151,1,0.07,0.0,0,0,1
22,15130,0.1742299497127533,1,0.1,0.0,0,0,1
22,15140,0.11011060327291489,1,-0.04,0.25,1,0,1
22,15150,0.12292510271072388,0,-0.01,0.35294117647058826,2,0,0
22,15160,0.24535730481147766,0,0.09,0.0,0,0,1
22,15170,0.13906458020210266,0,-0.01,0.3333333333333333,2,0,0
22,15180,0.12225327640771866,0,0.01,0.2777777777777778,2,0,0
22,15190,0.16554121673107147,0,0.04,0.11764705882352941,1,0,1
22,15200,0.09601405262947083,1,0.05,0.05,1,0,0
22,15210,0.1123090609908104,0,0.02,0.23529411764705882,2,0,1
22,15220,0.1632031351327896,1,-0.07,0.42857142857142855,3,0,1
22,15230,0.1091892272233963,1,0.02,0.05263157894736842,1,0,1
22,15240,0.11364443600177765,1,0.01,0.0,0,0,0
22,15250,0.2114744782447815,0,0.11,0.0,0,0,1
22,15260,0.21067124605178833,0,0.11,0.0,4,0,1
22,15270,0.21335309743881226,1,-0.1,0.5454545454545454,6,0,0
22,15280,0.1595950722694397,1,0.09,0.0,0,0,0
22,15290,0.10953941941261292,1,0.02,0.625,2,0,0
22,15300,0.15317252278327942,0,-0.08,0.5,2,0,0
22,15310,0.11018499732017517,0,-0.05,0.47058823529411764,2,0,0
22,15320,0.14757558703422546,0,0.07,0.125,1,0,0
22,15330,0.17580538988113403,0,0.04,0.0,0,0,1
22,15340,0.14940771460533142,1,0.06,0.0,0,0,0
22,15350,0.18227162957191467,0,0.07,0.0,0,0,0
22,15360,0.09535674750804901,1,0.01,0.21052631578947367,2,0,0
22,15370,0.09592403471469879,0,0.01,0.1111111111111111,1,0,1
22,15380,0.12615638971328735,1,0.02,0.16666666666666666,2,0,1
22,15390,0.10274216532707214,0,0.01,0.05,1,0,0
22,15400,0.22612282633781433,0,-0.11,0.7,3,0,1
22,15410,0.12435563653707504,1,0.03,0.3157894736842105,1,0,0
22,15420,0.12119198590517044,0,-0.05,0.2777777777777778,1,0,0
22,15430,0.15642306208610535,0,0.06,0.0,0,0,0
22,15440,0.16024892032146454,0,0.07,0.0,4,0,0
22,15450,0.21527275443077087,1,-0.1,0.5,6,0,0
22,15460,0.14654821157455444,0,0.03,0.0,0,0,1
22,15470,0.09329047799110413,0,-0.04,0.5882352941176471,2,0,1
22,15480,0.16493695974349976,1,-0.09,0.47368421052631576,2,0,0
22,15490,0.1741182506084442,0,0.04,0.0,0,0,1
22,15500,0.1492505669593811,1,0.02,0.0,0,0,0
22,15510,0.17444545030593872,0,0.08,0.0,0,0,0
22,15520,0.09326668083667755,1,0.0,0.3125,2,0,0
22,15530,0.18429872393608093,0,0.06,0.0,0,0,1
22,15540,0.10387410968542099,0,0.01,0.2777777777777778,2,0,0
22,15550,0.13819652795791626,0,0.06,0.058823529411764705,1,0,0
22,15560,0.13920196890830994,0,0.0,0.16666666666666666,1,0,1
22,15570,0.245098277926445,0,-0.16,1.2105263157894737,4,0,1
22,15580,0.19218100607395172,0,0.1,0.05263157894736842,1,0,0
22,15590,0.1064411848783493,1,-0.02,0.11764705882352941,2,0,0
22,15600,0.10982513427734375,1,-0.04,0.3684210526315789,1,0,1
22,15610,0.17944025993347168,0,-0.05,0.5789473684210527,3,0,1
22,15620,0.19355538487434387,0,-0.1,0.65,6,0,1
22,15630,0.19449089467525482,0,-0.1,0.6,6,0,1
22,15640,0.20366433262825012,0,-0.09,0.5625,2,0,1
22,15650,0.1283930540084839,1,-0.07,0.4117647058823529,2,0,0
22,15660,0.16824311017990112,0,0.03,0.0,0,0,1
22,15670,0.1804174780845642,0,0.04,0.0,0,0,1
22,15680,0.08936776220798492,0,-0.06,0.35294117647058826,2,0,0
22,15690,0.1011524349451065,0,-0.03,0.23529411764705882,2,0,0
22,15700,0.18367627263069153,1,0.05,0.0,0,0,0
22,15710,0.10659255087375641,1,-0.02,0.2631578947368421,2,0,0
22,15720,0.10506340861320496,0,0.0,0.16666666666666666,2,0,0
22,15730,0.09713342785835266,1,0.02,0.15789473684210525,2,0,0
22,15740,0.11087822914123535,1,0.0,0.25,2,0,1
22,15750,0.09853535890579224,1,0.0,0.2222222222222222,2,0,1
22,15760,0.16342830657958984,0,-0.02,0.2777777777777778,2,0,0
22,15770,0.17237094044685364,0,0.06,0.0,0,0,0
22,15780,0.09654809534549713,0,0.01,0.0,0,0,0
22,15790,0.2077878713607788,0,0.07,0.0,0,0,0
22,15800,0.1506088376045227,1,-0.04,0.3333333333333333,5,0,0
22,15810,0.16898541152477264,0,0.06,0.0,4,0,1
22,15820,0.21818459033966064,0,-0.1,0.6875,2,0,1
22,15830,0.17595821619033813,1,0.08,0.0,0,0,0
22,15840,0.1417800784111023,1,0.02,0.0,0,0,1
23,15850,0.10617236793041229,0,-0.07,0.4117647058823529,2,0,0
23,15860,0.10314176976680756,0,-0.07,0.4375,2,0,0
23,15870,0.1908031702041626,0,0.04,0.0,0,0,1
23,15880,0.17944630980491638,0,0.06,0.0,0,0,0
23,15890,0.1413273811340332,1,0.04,0.0,0,0,0
23,15900,0.10568463057279587,1,0.02,0.3333333333333333,2,0,1
23,15910,0.10962127894163132,1,0.05,0.15789473684210525,2,0,1
23,15920,0.10279055684804916,0,0.02,0.1111111111111111,2,0,0
23,15930,0.14411360025405884,1,0.04,0.10526315789473684,1,0,0
23,15940,0.21403270959854126,1,0.12,0.05555555555555555,1,0,0
23,15950,0.11513622105121613,1,0.03,0.0,0,0,1
23,15960,0.11559531837701797,1,0.01,0.0,0,0,0
23,15970,0.1591464728116989,0,0.06,0.0,0,0,1
23,15980,0.11432871967554092,0,0.04,0.0,4,0,0
23,15990,0.24990315735340118,1,-0.1,0.5,6,0,0
23,16000,0.17571626603603363,0,0.06,0.0,0,0,0
23,16010,0.10498902201652527,0,-0.09,0.5294117647058824,2,0,0
23,16020,0.10794000327587128,0,-0.09,0.5,2,0,1
23,16030,0.19099590182304382,1,0.08,0.0,0,0,1
23,16040,0.10685192048549652,1,-0.06,0.375,2,0,1
23,16050,0.18795040249824524,1,0.07,0.0,0,0,0
23,16060,0.18374383449554443,1,0.07,0.0,0,0,0
23,16070,0.13675637543201447,0,0.05,0.05555555555555555,1,0,0
23,16080,0.09901510924100876,1,0.0,0.2777777777777778,2,0,0
23,16090,0.10389465093612671,1,-0.01,0.16666666666666666,1,0,0
23,16100,0.30034035444259644,1,0.1,0.0,0,0,1
23,16110,0.10235242545604706,1,0.03,0.05555555555555555,1,0,1
23,16120,0.1193535253405571,1,0.05,0.05,1,0,1
23,16130,0.23733606934547424,0,-0.12,0.8333333333333334,4,0,1
23,16140,0.17610904574394226,0,-0.1,0.75,2,0,1
23,16150,0.13451185822486877,0,-0.1,0.55,2,0,1
23,16160,0.1283111572265625,1,-0.05,0.2631578947368421,5,0,0
23,16170,0.21597695350646973,1,-0.1,0.55,6,0,0
23,16180,0.2091912031173706,0,-0.09,0.5625,2,0,0
23,16190,0.12598620355129242,1,0.02,0.0,0,0,0
23,16200,0.16070657968521118,0,0.04,0.0,0,0,1
23,16210,0.10140052437782288,0,-0.03,0.4444444444444444,2,0,0
23,16220,0.10056135803461075,0,0.02,0.17647058823529413,2,0,0
23,16230,0.12325119972229004,1,0.03,0.2222222222222222,2,0,1
23,16240,0.18002372980117798,0,0.1,0.0,0,0,1
23,16250,0.18886536359786987,0,0.07,0.0,0,0,1
23,16260,0.10604330152273178,0,-0.05,0.35294117647058826,2,0,0
23,16270,0.10560263693332672,1,0.02,0.1111111111111111,2,0,0
23,16280,0.11274255812168121,1,-0.02,0.2777777777777778,2,0,1
23,16290,0.10832507908344269,1,-0.01,0.2,2,0,1
23,16300,0.12509489059448242,0,0.05,0.0,0,0,1
23,16310,0.20451530814170837,0,-0.1,0.5789473684210527,2,0,1
23,16320,0.0933871641755104,1,-0.02,0.1111111111111111,2,0,0
23,16330,0.12233448773622513,0,-0.04,0.3333333333333333,1,0,0
23,16340,0.20014064013957977,1,-0.1,0.65,6,0,1
23,16350,0.16584381461143494,1,-0.09,0.45,6,0,0
23,16360,0.18828897178173065,0,0.07,0.0,0,0,1
23,16370,0.11212611943483353,0,0.04,0.5625,2,0,0
23,16380,0.17948302626609802,0,0.05,0.0,0,0,0
23,16390,0.1694183498620987,1,0.06,0.0,0,0,0
23,16400,0.1331632435321808,1,0.07,0.06666666666666667,1,0,0
23,16410,0.12130996584892273,1,0.05,0.16666666666666666,2,0,1
23,16420,0.12304408848285675,1,0.05,0.2222222222222222,2,0,1
23,16430,0.10798186808824539,1,0.03,0.2,2,0,1
23,16440,0.18456804752349854,0,0.08,0.0,0,0,0
23,16450,0.1008734405040741,0,0.04,0.05555555555555555,1,0,0
23,16460,0.10767737776041031,0,0.01,0.25,2,0,0
23,16470,0.10650370270013809,0,0.01,0.047619047619047616,1,0,0
23,16480,0.1906430423259735,1,-0.08,0.5,3,0,1
23,16490,0.12142565846443176,1,0.0,0.1,2,0,1
23,16500,0.13156244158744812,1,0.04,0.0,0,0,1
23,16510,0.15451787412166595,0,-0.06,0.35,2,0,1
23,16520,0.15089190006256104,1,0.05,0.0,4,0,0
23,16530,0.2285947948694229,1,-0.07,0.35,6,0,0
23,16540,0.10338328778743744,1,-0.1,0.625,2,0,0
23,16550,0.10309766232967377,1,-0.09,0.625,2,0,0
23,16560,0.14058831334114075,0,0.06,0.0,0,0,1
24,16570,0.1977272629737854,0,0.08,0.0,0,0,1
24,16580,0.19182413816452026,0,0.08,0.0,0,0,1
24,16590,0.1409265100955963,0,0.05,0.1,1,0,1
24,16600,0.15086761116981506,0,0.04,0.0,0,0,1
24,16610,0.10790930688381195,1,0.0,0.23529411764705882,2,0,1
24,16620,0.19777503609657288,1,0.05,0.0,0,0,0
24,16630,0.13097378611564636,1,0.06,0.1111111111111111,2,0,1
24,16640,0.11846540868282318,1,0.04,0.15,1,0,1
24,16650,0.12050256878137589,0,0.04,0.05,1,0,0
24,16660,0.2893214225769043,0,-0.12,0.75,4,0,1
24,16670,0.1152152270078659,0,0.05,0.0,0,0,0
24,16680,0.18727543950080872,0,0.11,0.0,0,0,0
24,16690,0.11868312954902649,1,0.02,0.0,0,0,1
24,16700,0.13042199611663818,0,0.03,0.0,4,0,1
24,16710,0.17363987863063812,0,-0.09,0.47368421052631576,6,0,0
24,16720,0.18415656685829163,0,0.06,0.0,0,0,0
24,16730,0.1813000738620758,0,0.09,0.0,0,0,0
24,16740,0.1811278909444809,1,0.05,0.0,0,0,0
24,16750,0.12182530760765076,1,-0.01,0.5882352941176471,2,0,0
24,16760,0.1830969601869583,0,0.09,0.0,0,0,0
24,16770,0.18670232594013214,0,0.07,0.0,0,0,0
24,16780,0.1472441852092743,0,0.05,0.05,1,0,0
24,16790,0.1871362030506134,0,0.07,0.0,0,0,1
24,16800,0.11571431159973145,1,0.02,0.23529411764705882,2,0,1
24,16810,0.14452435076236725,1,0.07,0.1,1,0,1
24,16820,0.11121249943971634,1,0.02,0.05263157894736842,1,0,1
24,16830,0.10938984155654907,0,-0.02,0.25,2,0,0
24,16840,0.09334444254636765,0,0.01,0.0,0,0,1
24,16850,0.13043826818466187,1,-0.04,0.2777777777777778,1,0,1
24,16860,0.11774284392595291,0,0.03,0.0,0,0,1
24,16870,0.12607116997241974,0,-0.05,0.2727272727272727,1,0,0
24,16880,0.2112240493297577,0,-0.1,0.47619047619047616,6,0,1
24,16890,0.2082296907901764,0,-0.1,0.55,6,0,1
24,16900,0.1962582767009735,0,-0.09,0.5294117647058824,2,0,1
24,16910,0.16042865812778473,1,0.02,0.0,0,0,1
24,16920,0.19902677834033966,1,0.04,0.0,0,0,1
24,16930,0.11682947725057602,1,-0.05,0.5,2,0,1
24,16940,0.1122468113899231,1,-0.07,0.4375,2,0,1
24,16950,0.18334633111953735,1,0.08,0.0,0,0,1
24,16960,0.16698670387268066,1,-0.11,0.8421052631578947,3,0,0
24,16970,0.09989213198423386,1,0.02,0.2777777777777778,2,0,0
24,16980,0.10074149817228317,0,-0.01,0.2222222222222222,2,0,0
24,16990,0.2455679029226303,0,-0.13,1.105263157894737,4,0,1
24,17000,0.1113777905702591,1,0.0,0.16666666666666666,1,0,1
24,17010,0.0920630693435669,1,-0.05,0.3333333333333333,2,0,1
24,17020,0.23790325224399567,0,-0.13,0.8181818181818182,4,0,1
24,17030,0.0915651023387909,0,0.03,0.15,2,0,0
24,17040,0.11895893514156342,0,0.03,0.05263157894736842,1,0,1
24,17050,0.2080840766429901,0,-0.1,0.6,2,0,0
24,17060,0.19904524087905884,1,0.1,0.05,5,0,0
24,17070,0.11084634810686111,0,0.01,0.0,4,0,1
24,17080,0.2114907205104828,0,-0.1,0.625,2,0,0
24,17090,0.19257883727550507,0,0.11,0.0,0,0,1
24,17100,0.15876802802085876,0,-0.09,0.5625,2,0,0
24,17110,0.14382125437259674,1,0.03,0.0,0,0,0
24,17120,0.12311087548732758,1,-0.03,0.5294117647058824,2,0,1
24,17130,0.19175133109092712,1,0.05,0.0,0,0,1
24,17140,0.1908082365989685,0,0.07,0.0,0,0,1
24,17150,0.13843724131584167,0,0.06,0.1111111111111111,1,0,0
24,17160,0.18496298789978027,1,0.06,0.0,0,0,1
24,17170,0.119707852602005,1,0.09,0.0,0,0,1
24,17180,0.11738935112953186,1,0.03,0.0,0,0,1
24,17190,0.13557881116867065,0,0.06,0.05263157894736842,1,0,0
24,17200,0.15035931766033173,1,-0.06,0.47619047619047616,3,0,0
24,17210,0.10717439651489258,1,0.0,0.05555555555555555,1,0,0
24,17220,0.11887938529253006,1,0.01,0.0,0,0,1
24,17230,0.17989034950733185,0,-0.1,0.631578947368421,2,0,1
24,17240,0.11422544717788696,1,0.02,0.0,4,0,0
24,17250,0.1435588002204895,1,-0.11,0.6190476190476191,7,0,1
24,17260,0.16179925203323364,0,0.03,0.0,0,0,1
24,17270,0.15676318109035492,0,-0.08,0.5,2,0,0
24,17280,0.14344477653503418,1,0.0,0.4375,2,0,0
25,17290,0.183574840426445,0,0.03,0.0,0,0,1
25,17300,0.18405389785766602,0,0.08,0.0,0,0,1
25,17310,0.11325078457593918,0,0.0,0.3,2,0,0
25,17320,0.1145467609167099,0,-0.08,0.47058823529411764,2,0,0
25,17330,0.15076351165771484,1,0.08,0.05555555555555555,1,0,0
25,17340,0.13011068105697632,1,-0.01,0.2222222222222222,2,0,1
25,17350,0.13799776136875153,0,0.08,0.1,1,0,0
25,17360,0.13317111134529114,1,0.05,0.05263157894736842,1,0,1
25,17370,0.1112443059682846,0,0.06,0.05263157894736842,1,0,0
25,17380,0.10528440028429031,0,0.04,0.05263157894736842,1,0,1
25,17390,0.12245474755764008,0,0.05,0.05,1,0,0
25,17400,0.18943366408348083,1,-0.08,0.65,2,0,0
25,17410,0.11409983038902283,1,0.03,0.0,0,0,1
25,17420,0.13148154318332672,1,0.1,0.35,5,0,1
25,17430,0.17163313925266266,1,0.05,0.0,4,0,0
25,17440,0.1563655436038971,1,-0.1,0.625,2,0,0
25,17450,0.18730640411376953,0,0.08,0.0,0,0,1
25,17460,0.18327465653419495,1,0.08,0.0,0,0,0
25,17470,0.1217232346534729,1,-0.1,0.625,2,0,0
25,17480,0.14011013507843018,1,0.08,0.0625,1,0,1
25,17490,0.10595677047967911,0,-0.05,0.3125,2,0,0
25,17500,0.17405645549297333,0,0.04,0.0,0,0,0
25,17510,0.09246455132961273,1,0.0,0.11764705882352941,2,0,1
25,17520,0.15172389149665833,1,0.05,0.0,0,0,1
25,17530,0.23454856872558594,0,-0.14,1.3888888888888888,4,0,1
25,17540,0.10356676578521729,1,0.03,0.05555555555555555,1,0,1
25,17550,0.09503152966499329,1,-0.03,0.25,2,0,0
25,17560,0.20328488945960999,0,0.11,0.0,0,0,1
25,17570,0.10830357670783997,0,0.04,0.0,0,0,0
25,17580,0.12299999594688416,1,-0.04,0.2777777777777778,1,0,1
25,17590,0.12123116105794907,1,0.0,0.0,0,0,1
25,17600,0.23099613189697266,0,-0.11,0.65,7,0,1
25,17610,0.22903141379356384,0,-0.07,0.35,6,0,1
25,17620,0.17956870794296265,1,0.06,0.0,0,0,0
25,17630,0.10717371106147766,1,-0.06,0.375,2,0,0
25,17640,0.09865627437829971,1,0.01,0.5,2,0,1
25,17650,0.16359104216098785,1,-0.14,1.1578947368421053,3,0,0
25,17660,0.18230897188186646,0,0.09,0.0,0,0,0
25,17670,0.11766499280929565,1,0.01,0.35294117647058826,2,0,0
25,17680,0.18908797204494476,0,0.07,0.0,0,0,1
25,17690,0.11883717775344849,0,0.01,0.23529411764705882,2,0,0
25,17700,0.1086992546916008,1,0.02,0.16666666666666666,2,0,0
25,17710,0.11412319540977478,1,0.06,0.05,1,0,1
25,17720,0.1330646276473999,1,0.04,0.05263157894736842,1,0,0
25,17730,0.10051296651363373,1,0.01,0.15,2,0,1
25,17740,0.2037695050239563,0,-0.11,0.8947368421052632,3,0,1
25,17750,0.1475428342819214,1,-0.06,0.3888888888888889,2,0,0
25,17760,0.10977047681808472,1,0.0,0.0,0,0,0
25,17770,0.12232577800750732,0,0.03,0.0,0,0,0
25,17780,0.20455922186374664,0,-0.1,0.5,6,0,1
25,17790,0.21253643929958344,0,0.08,0.0,4,0,0
25,17800,0.1907840371131897,1,-0.09,0.5625,2,0,0
25,17810,0.2076762318611145,0,0.05,0.0,0,0,1
25,17820,0.0966745913028717,0,-0.08,0.5,2,0,1
25,17830,0.18713268637657166,0,0.05,0.0,0,0,0
25,17840,0.1879860907793045,1,0.06,0.0,0,0,0
25,17850,0.17338988184928894,1,0.09,0.0,0,0,1
25,17860,0.17722022533416748,1,0.09,0.0,0,0,0
25,17870,0.11385346949100494,1,-0.03,0.375,2,0,1
25,17880,0.18797415494918823,1,0.05,0.0,0,0,1
25,17890,0.12966375052928925,0,0.11,0.0,0,0,1
25,17900,0.11893711984157562,0,-0.01,0.23529411764705882,2,0,0
25,17910,0.10777559131383896,1,0.07,0.0,0,0,0
25,17920,0.10170280188322067,0,0.02,0.0,0,0,0
25,17930,0.10669875144958496,0,0.06,0.0,0,0,0
25,17940,0.11750385165214539,0,0.06,0.0,0,0,0
25,17950,0.23286938667297363,0,0.09,0.0,0,0,0
25,17960,0.23625661432743073,0,0.1,0.0,4,0,0
25,17970,0.13307496905326843,1,0.02,0.0,4,0,1
25,17980,0.1929629147052765,0,-0.1,0.6875,2,0,1
25,17990,0.10953757166862488,1,-0.09,0.5294117647058824,2,0,1
25,18000,0.12429141253232956,0,0.06,0.0,0,0,1
